Date,Year,Quarter,Month,Month_Number,Month_Name,Month_Short,Year_Month,Day_of_Month,Day_Name,Day_of_Week,Is_Weekend
2020-01-01,2020,Q1,1,1,January,Jan,2020-01,1,Wednesday,3,Weekday
2020-01-02,2020,Q1,1,1,January,Jan,2020-01,2,Thursday,4,Weekday
2020-01-03,2020,Q1,1,1,January,Jan,2020-01,3,Friday,5,Weekday
2020-01-04,2020,Q1,1,1,January,Jan,2020-01,4,Saturday,6,Weekend
2020-01-05,2020,Q1,1,1,January,Jan,2020-01,5,Sunday,7,Weekend
2020-01-06,2020,Q1,1,1,January,Jan,2020-01,6,Monday,1,Weekday
2020-01-07,2020,Q1,1,1,January,Jan,2020-01,7,Tuesday,2,Weekday
2020-01-08,2020,Q1,1,1,January,Jan,2020-01,8,Wednesday,3,Weekday
2020-01-09,2020,Q1,1,1,January,Jan,2020-01,9,Thursday,4,Weekday
2020-01-10,2020,Q1,1,1,January,Jan,2020-01,10,Friday,5,Weekday
2020-01-11,2020,Q1,1,1,January,Jan,2020-01,11,Saturday,6,Weekend
2020-01-12,2020,Q1,1,1,January,Jan,2020-01,12,Sunday,7,Weekend
2020-01-13,2020,Q1,1,1,January,Jan,2020-01,13,Monday,1,Weekday
2020-01-14,2020,Q1,1,1,January,Jan,2020-01,14,Tuesday,2,Weekday
2020-01-15,2020,Q1,1,1,January,Jan,2020-01,15,Wednesday,3,Weekday
2020-01-16,2020,Q1,1,1,January,Jan,2020-01,16,Thursday,4,Weekday
2020-01-17,2020,Q1,1,1,January,Jan,2020-01,17,Friday,5,Weekday
2020-01-18,2020,Q1,1,1,January,Jan,2020-01,18,Saturday,6,Weekend
2020-01-19,2020,Q1,1,1,January,Jan,2020-01,19,Sunday,7,Weekend
2020-01-20,2020,Q1,1,1,January,Jan,2020-01,20,Monday,1,Weekday
2020-01-21,2020,Q1,1,1,January,Jan,2020-01,21,Tuesday,2,Weekday
2020-01-22,2020,Q1,1,1,January,Jan,2020-01,22,Wednesday,3,Weekday
2020-01-23,2020,Q1,1,1,January,Jan,2020-01,23,Thursday,4,Weekday
2020-01-24,2020,Q1,1,1,January,Jan,2020-01,24,Friday,5,Weekday
2020-01-25,2020,Q1,1,1,January,Jan,2020-01,25,Saturday,6,Weekend
2020-01-26,2020,Q1,1,1,January,Jan,2020-01,26,Sunday,7,Weekend
2020-01-27,2020,Q1,1,1,January,Jan,2020-01,27,Monday,1,Weekday
2020-01-28,2020,Q1,1,1,January,Jan,2020-01,28,Tuesday,2,Weekday
2020-01-29,2020,Q1,1,1,January,Jan,2020-01,29,Wednesday,3,Weekday
2020-01-30,2020,Q1,1,1,January,Jan,2020-01,30,Thursday,4,Weekday
2020-01-31,2020,Q1,1,1,January,Jan,2020-01,31,Friday,5,Weekday
2020-02-01,2020,Q1,2,2,February,Feb,2020-02,1,Saturday,6,Weekend
2020-02-02,2020,Q1,2,2,February,Feb,2020-02,2,Sunday,7,Weekend
2020-02-03,2020,Q1,2,2,February,Feb,2020-02,3,Monday,1,Weekday
2020-02-04,2020,Q1,2,2,February,Feb,2020-02,4,Tuesday,2,Weekday
2020-02-05,2020,Q1,2,2,February,Feb,2020-02,5,Wednesday,3,Weekday
2020-02-06,2020,Q1,2,2,February,Feb,2020-02,6,Thursday,4,Weekday
2020-02-07,2020,Q1,2,2,February,Feb,2020-02,7,Friday,5,Weekday
2020-02-08,2020,Q1,2,2,February,Feb,2020-02,8,Saturday,6,Weekend
2020-02-09,2020,Q1,2,2,February,Feb,2020-02,9,Sunday,7,Weekend
2020-02-10,2020,Q1,2,2,February,Feb,2020-02,10,Monday,1,Weekday
2020-02-11,2020,Q1,2,2,February,Feb,2020-02,11,Tuesday,2,Weekday
2020-02-12,2020,Q1,2,2,February,Feb,2020-02,12,Wednesday,3,Weekday
2020-02-13,2020,Q1,2,2,February,Feb,2020-02,13,Thursday,4,Weekday
2020-02-14,2020,Q1,2,2,February,Feb,2020-02,14,Friday,5,Weekday
2020-02-15,2020,Q1,2,2,February,Feb,2020-02,15,Saturday,6,Weekend
2020-02-16,2020,Q1,2,2,February,Feb,2020-02,16,Sunday,7,Weekend
2020-02-17,2020,Q1,2,2,February,Feb,2020-02,17,Monday,1,Weekday
2020-02-18,2020,Q1,2,2,February,Feb,2020-02,18,Tuesday,2,Weekday
2020-02-19,2020,Q1,2,2,February,Feb,2020-02,19,Wednesday,3,Weekday
2020-02-20,2020,Q1,2,2,February,Feb,2020-02,20,Thursday,4,Weekday
2020-02-21,2020,Q1,2,2,February,Feb,2020-02,21,Friday,5,Weekday
2020-02-22,2020,Q1,2,2,February,Feb,2020-02,22,Saturday,6,Weekend
2020-02-23,2020,Q1,2,2,February,Feb,2020-02,23,Sunday,7,Weekend
2020-02-24,2020,Q1,2,2,February,Feb,2020-02,24,Monday,1,Weekday
2020-02-25,2020,Q1,2,2,February,Feb,2020-02,25,Tuesday,2,Weekday
2020-02-26,2020,Q1,2,2,February,Feb,2020-02,26,Wednesday,3,Weekday
2020-02-27,2020,Q1,2,2,February,Feb,2020-02,27,Thursday,4,Weekday
2020-02-28,2020,Q1,2,2,February,Feb,2020-02,28,Friday,5,Weekday
2020-02-29,2020,Q1,2,2,February,Feb,2020-02,29,Saturday,6,Weekend
2020-03-01,2020,Q1,3,3,March,Mar,2020-03,1,Sunday,7,Weekend
2020-03-02,2020,Q1,3,3,March,Mar,2020-03,2,Monday,1,Weekday
2020-03-03,2020,Q1,3,3,March,Mar,2020-03,3,Tuesday,2,Weekday
2020-03-04,2020,Q1,3,3,March,Mar,2020-03,4,Wednesday,3,Weekday
2020-03-05,2020,Q1,3,3,March,Mar,2020-03,5,Thursday,4,Weekday
2020-03-06,2020,Q1,3,3,March,Mar,2020-03,6,Friday,5,Weekday
2020-03-07,2020,Q1,3,3,March,Mar,2020-03,7,Saturday,6,Weekend
2020-03-08,2020,Q1,3,3,March,Mar,2020-03,8,Sunday,7,Weekend
2020-03-09,2020,Q1,3,3,March,Mar,2020-03,9,Monday,1,Weekday
2020-03-10,2020,Q1,3,3,March,Mar,2020-03,10,Tuesday,2,Weekday
2020-03-11,2020,Q1,3,3,March,Mar,2020-03,11,Wednesday,3,Weekday
2020-03-12,2020,Q1,3,3,March,Mar,2020-03,12,Thursday,4,Weekday
2020-03-13,2020,Q1,3,3,March,Mar,2020-03,13,Friday,5,Weekday
2020-03-14,2020,Q1,3,3,March,Mar,2020-03,14,Saturday,6,Weekend
2020-03-15,2020,Q1,3,3,March,Mar,2020-03,15,Sunday,7,Weekend
2020-03-16,2020,Q1,3,3,March,Mar,2020-03,16,Monday,1,Weekday
2020-03-17,2020,Q1,3,3,March,Mar,2020-03,17,Tuesday,2,Weekday
2020-03-18,2020,Q1,3,3,March,Mar,2020-03,18,Wednesday,3,Weekday
2020-03-19,2020,Q1,3,3,March,Mar,2020-03,19,Thursday,4,Weekday
2020-03-20,2020,Q1,3,3,March,Mar,2020-03,20,Friday,5,Weekday
2020-03-21,2020,Q1,3,3,March,Mar,2020-03,21,Saturday,6,Weekend
2020-03-22,2020,Q1,3,3,March,Mar,2020-03,22,Sunday,7,Weekend
2020-03-23,2020,Q1,3,3,March,Mar,2020-03,23,Monday,1,Weekday
2020-03-24,2020,Q1,3,3,March,Mar,2020-03,24,Tuesday,2,Weekday
2020-03-25,2020,Q1,3,3,March,Mar,2020-03,25,Wednesday,3,Weekday
2020-03-26,2020,Q1,3,3,March,Mar,2020-03,26,Thursday,4,Weekday
2020-03-27,2020,Q1,3,3,March,Mar,2020-03,27,Friday,5,Weekday
2020-03-28,2020,Q1,3,3,March,Mar,2020-03,28,Saturday,6,Weekend
2020-03-29,2020,Q1,3,3,March,Mar,2020-03,29,Sunday,7,Weekend
2020-03-30,2020,Q1,3,3,March,Mar,2020-03,30,Monday,1,Weekday
2020-03-31,2020,Q1,3,3,March,Mar,2020-03,31,Tuesday,2,Weekday
2020-04-01,2020,Q2,4,4,April,Apr,2020-04,1,Wednesday,3,Weekday
2020-04-02,2020,Q2,4,4,April,Apr,2020-04,2,Thursday,4,Weekday
2020-04-03,2020,Q2,4,4,April,Apr,2020-04,3,Friday,5,Weekday
2020-04-04,2020,Q2,4,4,April,Apr,2020-04,4,Saturday,6,Weekend
2020-04-05,2020,Q2,4,4,April,Apr,2020-04,5,Sunday,7,Weekend
2020-04-06,2020,Q2,4,4,April,Apr,2020-04,6,Monday,1,Weekday
2020-04-07,2020,Q2,4,4,April,Apr,2020-04,7,Tuesday,2,Weekday
2020-04-08,2020,Q2,4,4,April,Apr,2020-04,8,Wednesday,3,Weekday
2020-04-09,2020,Q2,4,4,April,Apr,2020-04,9,Thursday,4,Weekday
2020-04-10,2020,Q2,4,4,April,Apr,2020-04,10,Friday,5,Weekday
2020-04-11,2020,Q2,4,4,April,Apr,2020-04,11,Saturday,6,Weekend
2020-04-12,2020,Q2,4,4,April,Apr,2020-04,12,Sunday,7,Weekend
2020-04-13,2020,Q2,4,4,April,Apr,2020-04,13,Monday,1,Weekday
2020-04-14,2020,Q2,4,4,April,Apr,2020-04,14,Tuesday,2,Weekday
2020-04-15,2020,Q2,4,4,April,Apr,2020-04,15,Wednesday,3,Weekday
2020-04-16,2020,Q2,4,4,April,Apr,2020-04,16,Thursday,4,Weekday
2020-04-17,2020,Q2,4,4,April,Apr,2020-04,17,Friday,5,Weekday
2020-04-18,2020,Q2,4,4,April,Apr,2020-04,18,Saturday,6,Weekend
2020-04-19,2020,Q2,4,4,April,Apr,2020-04,19,Sunday,7,Weekend
2020-04-20,2020,Q2,4,4,April,Apr,2020-04,20,Monday,1,Weekday
2020-04-21,2020,Q2,4,4,April,Apr,2020-04,21,Tuesday,2,Weekday
2020-04-22,2020,Q2,4,4,April,Apr,2020-04,22,Wednesday,3,Weekday
2020-04-23,2020,Q2,4,4,April,Apr,2020-04,23,Thursday,4,Weekday
2020-04-24,2020,Q2,4,4,April,Apr,2020-04,24,Friday,5,Weekday
2020-04-25,2020,Q2,4,4,April,Apr,2020-04,25,Saturday,6,Weekend
2020-04-26,2020,Q2,4,4,April,Apr,2020-04,26,Sunday,7,Weekend
2020-04-27,2020,Q2,4,4,April,Apr,2020-04,27,Monday,1,Weekday
2020-04-28,2020,Q2,4,4,April,Apr,2020-04,28,Tuesday,2,Weekday
2020-04-29,2020,Q2,4,4,April,Apr,2020-04,29,Wednesday,3,Weekday
2020-04-30,2020,Q2,4,4,April,Apr,2020-04,30,Thursday,4,Weekday
2020-05-01,2020,Q2,5,5,May,May,2020-05,1,Friday,5,Weekday
2020-05-02,2020,Q2,5,5,May,May,2020-05,2,Saturday,6,Weekend
2020-05-03,2020,Q2,5,5,May,May,2020-05,3,Sunday,7,Weekend
2020-05-04,2020,Q2,5,5,May,May,2020-05,4,Monday,1,Weekday
2020-05-05,2020,Q2,5,5,May,May,2020-05,5,Tuesday,2,Weekday
2020-05-06,2020,Q2,5,5,May,May,2020-05,6,Wednesday,3,Weekday
2020-05-07,2020,Q2,5,5,May,May,2020-05,7,Thursday,4,Weekday
2020-05-08,2020,Q2,5,5,May,May,2020-05,8,Friday,5,Weekday
2020-05-09,2020,Q2,5,5,May,May,2020-05,9,Saturday,6,Weekend
2020-05-10,2020,Q2,5,5,May,May,2020-05,10,Sunday,7,Weekend
2020-05-11,2020,Q2,5,5,May,May,2020-05,11,Monday,1,Weekday
2020-05-12,2020,Q2,5,5,May,May,2020-05,12,Tuesday,2,Weekday
2020-05-13,2020,Q2,5,5,May,May,2020-05,13,Wednesday,3,Weekday
2020-05-14,2020,Q2,5,5,May,May,2020-05,14,Thursday,4,Weekday
2020-05-15,2020,Q2,5,5,May,May,2020-05,15,Friday,5,Weekday
2020-05-16,2020,Q2,5,5,May,May,2020-05,16,Saturday,6,Weekend
2020-05-17,2020,Q2,5,5,May,May,2020-05,17,Sunday,7,Weekend
2020-05-18,2020,Q2,5,5,May,May,2020-05,18,Monday,1,Weekday
2020-05-19,2020,Q2,5,5,May,May,2020-05,19,Tuesday,2,Weekday
2020-05-20,2020,Q2,5,5,May,May,2020-05,20,Wednesday,3,Weekday
2020-05-21,2020,Q2,5,5,May,May,2020-05,21,Thursday,4,Weekday
2020-05-22,2020,Q2,5,5,May,May,2020-05,22,Friday,5,Weekday
2020-05-23,2020,Q2,5,5,May,May,2020-05,23,Saturday,6,Weekend
2020-05-24,2020,Q2,5,5,May,May,2020-05,24,Sunday,7,Weekend
2020-05-25,2020,Q2,5,5,May,May,2020-05,25,Monday,1,Weekday
2020-05-26,2020,Q2,5,5,May,May,2020-05,26,Tuesday,2,Weekday
2020-05-27,2020,Q2,5,5,May,May,2020-05,27,Wednesday,3,Weekday
2020-05-28,2020,Q2,5,5,May,May,2020-05,28,Thursday,4,Weekday
2020-05-29,2020,Q2,5,5,May,May,2020-05,29,Friday,5,Weekday
2020-05-30,2020,Q2,5,5,May,May,2020-05,30,Saturday,6,Weekend
2020-05-31,2020,Q2,5,5,May,May,2020-05,31,Sunday,7,Weekend
2020-06-01,2020,Q2,6,6,June,Jun,2020-06,1,Monday,1,Weekday
2020-06-02,2020,Q2,6,6,June,Jun,2020-06,2,Tuesday,2,Weekday
2020-06-03,2020,Q2,6,6,June,Jun,2020-06,3,Wednesday,3,Weekday
2020-06-04,2020,Q2,6,6,June,Jun,2020-06,4,Thursday,4,Weekday
2020-06-05,2020,Q2,6,6,June,Jun,2020-06,5,Friday,5,Weekday
2020-06-06,2020,Q2,6,6,June,Jun,2020-06,6,Saturday,6,Weekend
2020-06-07,2020,Q2,6,6,June,Jun,2020-06,7,Sunday,7,Weekend
2020-06-08,2020,Q2,6,6,June,Jun,2020-06,8,Monday,1,Weekday
2020-06-09,2020,Q2,6,6,June,Jun,2020-06,9,Tuesday,2,Weekday
2020-06-10,2020,Q2,6,6,June,Jun,2020-06,10,Wednesday,3,Weekday
2020-06-11,2020,Q2,6,6,June,Jun,2020-06,11,Thursday,4,Weekday
2020-06-12,2020,Q2,6,6,June,Jun,2020-06,12,Friday,5,Weekday
2020-06-13,2020,Q2,6,6,June,Jun,2020-06,13,Saturday,6,Weekend
2020-06-14,2020,Q2,6,6,June,Jun,2020-06,14,Sunday,7,Weekend
2020-06-15,2020,Q2,6,6,June,Jun,2020-06,15,Monday,1,Weekday
2020-06-16,2020,Q2,6,6,June,Jun,2020-06,16,Tuesday,2,Weekday
2020-06-17,2020,Q2,6,6,June,Jun,2020-06,17,Wednesday,3,Weekday
2020-06-18,2020,Q2,6,6,June,Jun,2020-06,18,Thursday,4,Weekday
2020-06-19,2020,Q2,6,6,June,Jun,2020-06,19,Friday,5,Weekday
2020-06-20,2020,Q2,6,6,June,Jun,2020-06,20,Saturday,6,Weekend
2020-06-21,2020,Q2,6,6,June,Jun,2020-06,21,Sunday,7,Weekend
2020-06-22,2020,Q2,6,6,June,Jun,2020-06,22,Monday,1,Weekday
2020-06-23,2020,Q2,6,6,June,Jun,2020-06,23,Tuesday,2,Weekday
2020-06-24,2020,Q2,6,6,June,Jun,2020-06,24,Wednesday,3,Weekday
2020-06-25,2020,Q2,6,6,June,Jun,2020-06,25,Thursday,4,Weekday
2020-06-26,2020,Q2,6,6,June,Jun,2020-06,26,Friday,5,Weekday
2020-06-27,2020,Q2,6,6,June,Jun,2020-06,27,Saturday,6,Weekend
2020-06-28,2020,Q2,6,6,June,Jun,2020-06,28,Sunday,7,Weekend
2020-06-29,2020,Q2,6,6,June,Jun,2020-06,29,Monday,1,Weekday
2020-06-30,2020,Q2,6,6,June,Jun,2020-06,30,Tuesday,2,Weekday
2020-07-01,2020,Q3,7,7,July,Jul,2020-07,1,Wednesday,3,Weekday
2020-07-02,2020,Q3,7,7,July,Jul,2020-07,2,Thursday,4,Weekday
2020-07-03,2020,Q3,7,7,July,Jul,2020-07,3,Friday,5,Weekday
2020-07-04,2020,Q3,7,7,July,Jul,2020-07,4,Saturday,6,Weekend
2020-07-05,2020,Q3,7,7,July,Jul,2020-07,5,Sunday,7,Weekend
2020-07-06,2020,Q3,7,7,July,Jul,2020-07,6,Monday,1,Weekday
2020-07-07,2020,Q3,7,7,July,Jul,2020-07,7,Tuesday,2,Weekday
2020-07-08,2020,Q3,7,7,July,Jul,2020-07,8,Wednesday,3,Weekday
2020-07-09,2020,Q3,7,7,July,Jul,2020-07,9,Thursday,4,Weekday
2020-07-10,2020,Q3,7,7,July,Jul,2020-07,10,Friday,5,Weekday
2020-07-11,2020,Q3,7,7,July,Jul,2020-07,11,Saturday,6,Weekend
2020-07-12,2020,Q3,7,7,July,Jul,2020-07,12,Sunday,7,Weekend
2020-07-13,2020,Q3,7,7,July,Jul,2020-07,13,Monday,1,Weekday
2020-07-14,2020,Q3,7,7,July,Jul,2020-07,14,Tuesday,2,Weekday
2020-07-15,2020,Q3,7,7,July,Jul,2020-07,15,Wednesday,3,Weekday
2020-07-16,2020,Q3,7,7,July,Jul,2020-07,16,Thursday,4,Weekday
2020-07-17,2020,Q3,7,7,July,Jul,2020-07,17,Friday,5,Weekday
2020-07-18,2020,Q3,7,7,July,Jul,2020-07,18,Saturday,6,Weekend
2020-07-19,2020,Q3,7,7,July,Jul,2020-07,19,Sunday,7,Weekend
2020-07-20,2020,Q3,7,7,July,Jul,2020-07,20,Monday,1,Weekday
2020-07-21,2020,Q3,7,7,July,Jul,2020-07,21,Tuesday,2,Weekday
2020-07-22,2020,Q3,7,7,July,Jul,2020-07,22,Wednesday,3,Weekday
2020-07-23,2020,Q3,7,7,July,Jul,2020-07,23,Thursday,4,Weekday
2020-07-24,2020,Q3,7,7,July,Jul,2020-07,24,Friday,5,Weekday
2020-07-25,2020,Q3,7,7,July,Jul,2020-07,25,Saturday,6,Weekend
2020-07-26,2020,Q3,7,7,July,Jul,2020-07,26,Sunday,7,Weekend
2020-07-27,2020,Q3,7,7,July,Jul,2020-07,27,Monday,1,Weekday
2020-07-28,2020,Q3,7,7,July,Jul,2020-07,28,Tuesday,2,Weekday
2020-07-29,2020,Q3,7,7,July,Jul,2020-07,29,Wednesday,3,Weekday
2020-07-30,2020,Q3,7,7,July,Jul,2020-07,30,Thursday,4,Weekday
2020-07-31,2020,Q3,7,7,July,Jul,2020-07,31,Friday,5,Weekday
2020-08-01,2020,Q3,8,8,August,Aug,2020-08,1,Saturday,6,Weekend
2020-08-02,2020,Q3,8,8,August,Aug,2020-08,2,Sunday,7,Weekend
2020-08-03,2020,Q3,8,8,August,Aug,2020-08,3,Monday,1,Weekday
2020-08-04,2020,Q3,8,8,August,Aug,2020-08,4,Tuesday,2,Weekday
2020-08-05,2020,Q3,8,8,August,Aug,2020-08,5,Wednesday,3,Weekday
2020-08-06,2020,Q3,8,8,August,Aug,2020-08,6,Thursday,4,Weekday
2020-08-07,2020,Q3,8,8,August,Aug,2020-08,7,Friday,5,Weekday
2020-08-08,2020,Q3,8,8,August,Aug,2020-08,8,Saturday,6,Weekend
2020-08-09,2020,Q3,8,8,August,Aug,2020-08,9,Sunday,7,Weekend
2020-08-10,2020,Q3,8,8,August,Aug,2020-08,10,Monday,1,Weekday
2020-08-11,2020,Q3,8,8,August,Aug,2020-08,11,Tuesday,2,Weekday
2020-08-12,2020,Q3,8,8,August,Aug,2020-08,12,Wednesday,3,Weekday
2020-08-13,2020,Q3,8,8,August,Aug,2020-08,13,Thursday,4,Weekday
2020-08-14,2020,Q3,8,8,August,Aug,2020-08,14,Friday,5,Weekday
2020-08-15,2020,Q3,8,8,August,Aug,2020-08,15,Saturday,6,Weekend
2020-08-16,2020,Q3,8,8,August,Aug,2020-08,16,Sunday,7,Weekend
2020-08-17,2020,Q3,8,8,August,Aug,2020-08,17,Monday,1,Weekday
2020-08-18,2020,Q3,8,8,August,Aug,2020-08,18,Tuesday,2,Weekday
2020-08-19,2020,Q3,8,8,August,Aug,2020-08,19,Wednesday,3,Weekday
2020-08-20,2020,Q3,8,8,August,Aug,2020-08,20,Thursday,4,Weekday
2020-08-21,2020,Q3,8,8,August,Aug,2020-08,21,Friday,5,Weekday
2020-08-22,2020,Q3,8,8,August,Aug,2020-08,22,Saturday,6,Weekend
2020-08-23,2020,Q3,8,8,August,Aug,2020-08,23,Sunday,7,Weekend
2020-08-24,2020,Q3,8,8,August,Aug,2020-08,24,Monday,1,Weekday
2020-08-25,2020,Q3,8,8,August,Aug,2020-08,25,Tuesday,2,Weekday
2020-08-26,2020,Q3,8,8,August,Aug,2020-08,26,Wednesday,3,Weekday
2020-08-27,2020,Q3,8,8,August,Aug,2020-08,27,Thursday,4,Weekday
2020-08-28,2020,Q3,8,8,August,Aug,2020-08,28,Friday,5,Weekday
2020-08-29,2020,Q3,8,8,August,Aug,2020-08,29,Saturday,6,Weekend
2020-08-30,2020,Q3,8,8,August,Aug,2020-08,30,Sunday,7,Weekend
2020-08-31,2020,Q3,8,8,August,Aug,2020-08,31,Monday,1,Weekday
2020-09-01,2020,Q3,9,9,September,Sep,2020-09,1,Tuesday,2,Weekday
2020-09-02,2020,Q3,9,9,September,Sep,2020-09,2,Wednesday,3,Weekday
2020-09-03,2020,Q3,9,9,September,Sep,2020-09,3,Thursday,4,Weekday
2020-09-04,2020,Q3,9,9,September,Sep,2020-09,4,Friday,5,Weekday
2020-09-05,2020,Q3,9,9,September,Sep,2020-09,5,Saturday,6,Weekend
2020-09-06,2020,Q3,9,9,September,Sep,2020-09,6,Sunday,7,Weekend
2020-09-07,2020,Q3,9,9,September,Sep,2020-09,7,Monday,1,Weekday
2020-09-08,2020,Q3,9,9,September,Sep,2020-09,8,Tuesday,2,Weekday
2020-09-09,2020,Q3,9,9,September,Sep,2020-09,9,Wednesday,3,Weekday
2020-09-10,2020,Q3,9,9,September,Sep,2020-09,10,Thursday,4,Weekday
2020-09-11,2020,Q3,9,9,September,Sep,2020-09,11,Friday,5,Weekday
2020-09-12,2020,Q3,9,9,September,Sep,2020-09,12,Saturday,6,Weekend
2020-09-13,2020,Q3,9,9,September,Sep,2020-09,13,Sunday,7,Weekend
2020-09-14,2020,Q3,9,9,September,Sep,2020-09,14,Monday,1,Weekday
2020-09-15,2020,Q3,9,9,September,Sep,2020-09,15,Tuesday,2,Weekday
2020-09-16,2020,Q3,9,9,September,Sep,2020-09,16,Wednesday,3,Weekday
2020-09-17,2020,Q3,9,9,September,Sep,2020-09,17,Thursday,4,Weekday
2020-09-18,2020,Q3,9,9,September,Sep,2020-09,18,Friday,5,Weekday
2020-09-19,2020,Q3,9,9,September,Sep,2020-09,19,Saturday,6,Weekend
2020-09-20,2020,Q3,9,9,September,Sep,2020-09,20,Sunday,7,Weekend
2020-09-21,2020,Q3,9,9,September,Sep,2020-09,21,Monday,1,Weekday
2020-09-22,2020,Q3,9,9,September,Sep,2020-09,22,Tuesday,2,Weekday
2020-09-23,2020,Q3,9,9,September,Sep,2020-09,23,Wednesday,3,Weekday
2020-09-24,2020,Q3,9,9,September,Sep,2020-09,24,Thursday,4,Weekday
2020-09-25,2020,Q3,9,9,September,Sep,2020-09,25,Friday,5,Weekday
2020-09-26,2020,Q3,9,9,September,Sep,2020-09,26,Saturday,6,Weekend
2020-09-27,2020,Q3,9,9,September,Sep,2020-09,27,Sunday,7,Weekend
2020-09-28,2020,Q3,9,9,September,Sep,2020-09,28,Monday,1,Weekday
2020-09-29,2020,Q3,9,9,September,Sep,2020-09,29,Tuesday,2,Weekday
2020-09-30,2020,Q3,9,9,September,Sep,2020-09,30,Wednesday,3,Weekday
2020-10-01,2020,Q4,10,10,October,Oct,2020-10,1,Thursday,4,Weekday
2020-10-02,2020,Q4,10,10,October,Oct,2020-10,2,Friday,5,Weekday
2020-10-03,2020,Q4,10,10,October,Oct,2020-10,3,Saturday,6,Weekend
2020-10-04,2020,Q4,10,10,October,Oct,2020-10,4,Sunday,7,Weekend
2020-10-05,2020,Q4,10,10,October,Oct,2020-10,5,Monday,1,Weekday
2020-10-06,2020,Q4,10,10,October,Oct,2020-10,6,Tuesday,2,Weekday
2020-10-07,2020,Q4,10,10,October,Oct,2020-10,7,Wednesday,3,Weekday
2020-10-08,2020,Q4,10,10,October,Oct,2020-10,8,Thursday,4,Weekday
2020-10-09,2020,Q4,10,10,October,Oct,2020-10,9,Friday,5,Weekday
2020-10-10,2020,Q4,10,10,October,Oct,2020-10,10,Saturday,6,Weekend
2020-10-11,2020,Q4,10,10,October,Oct,2020-10,11,Sunday,7,Weekend
2020-10-12,2020,Q4,10,10,October,Oct,2020-10,12,Monday,1,Weekday
2020-10-13,2020,Q4,10,10,October,Oct,2020-10,13,Tuesday,2,Weekday
2020-10-14,2020,Q4,10,10,October,Oct,2020-10,14,Wednesday,3,Weekday
2020-10-15,2020,Q4,10,10,October,Oct,2020-10,15,Thursday,4,Weekday
2020-10-16,2020,Q4,10,10,October,Oct,2020-10,16,Friday,5,Weekday
2020-10-17,2020,Q4,10,10,October,Oct,2020-10,17,Saturday,6,Weekend
2020-10-18,2020,Q4,10,10,October,Oct,2020-10,18,Sunday,7,Weekend
2020-10-19,2020,Q4,10,10,October,Oct,2020-10,19,Monday,1,Weekday
2020-10-20,2020,Q4,10,10,October,Oct,2020-10,20,Tuesday,2,Weekday
2020-10-21,2020,Q4,10,10,October,Oct,2020-10,21,Wednesday,3,Weekday
2020-10-22,2020,Q4,10,10,October,Oct,2020-10,22,Thursday,4,Weekday
2020-10-23,2020,Q4,10,10,October,Oct,2020-10,23,Friday,5,Weekday
2020-10-24,2020,Q4,10,10,October,Oct,2020-10,24,Saturday,6,Weekend
2020-10-25,2020,Q4,10,10,October,Oct,2020-10,25,Sunday,7,Weekend
2020-10-26,2020,Q4,10,10,October,Oct,2020-10,26,Monday,1,Weekday
2020-10-27,2020,Q4,10,10,October,Oct,2020-10,27,Tuesday,2,Weekday
2020-10-28,2020,Q4,10,10,October,Oct,2020-10,28,Wednesday,3,Weekday
2020-10-29,2020,Q4,10,10,October,Oct,2020-10,29,Thursday,4,Weekday
2020-10-30,2020,Q4,10,10,October,Oct,2020-10,30,Friday,5,Weekday
2020-10-31,2020,Q4,10,10,October,Oct,2020-10,31,Saturday,6,Weekend
2020-11-01,2020,Q4,11,11,November,Nov,2020-11,1,Sunday,7,Weekend
2020-11-02,2020,Q4,11,11,November,Nov,2020-11,2,Monday,1,Weekday
2020-11-03,2020,Q4,11,11,November,Nov,2020-11,3,Tuesday,2,Weekday
2020-11-04,2020,Q4,11,11,November,Nov,2020-11,4,Wednesday,3,Weekday
2020-11-05,2020,Q4,11,11,November,Nov,2020-11,5,Thursday,4,Weekday
2020-11-06,2020,Q4,11,11,November,Nov,2020-11,6,Friday,5,Weekday
2020-11-07,2020,Q4,11,11,November,Nov,2020-11,7,Saturday,6,Weekend
2020-11-08,2020,Q4,11,11,November,Nov,2020-11,8,Sunday,7,Weekend
2020-11-09,2020,Q4,11,11,November,Nov,2020-11,9,Monday,1,Weekday
2020-11-10,2020,Q4,11,11,November,Nov,2020-11,10,Tuesday,2,Weekday
2020-11-11,2020,Q4,11,11,November,Nov,2020-11,11,Wednesday,3,Weekday
2020-11-12,2020,Q4,11,11,November,Nov,2020-11,12,Thursday,4,Weekday
2020-11-13,2020,Q4,11,11,November,Nov,2020-11,13,Friday,5,Weekday
2020-11-14,2020,Q4,11,11,November,Nov,2020-11,14,Saturday,6,Weekend
2020-11-15,2020,Q4,11,11,November,Nov,2020-11,15,Sunday,7,Weekend
2020-11-16,2020,Q4,11,11,November,Nov,2020-11,16,Monday,1,Weekday
2020-11-17,2020,Q4,11,11,November,Nov,2020-11,17,Tuesday,2,Weekday
2020-11-18,2020,Q4,11,11,November,Nov,2020-11,18,Wednesday,3,Weekday
2020-11-19,2020,Q4,11,11,November,Nov,2020-11,19,Thursday,4,Weekday
2020-11-20,2020,Q4,11,11,November,Nov,2020-11,20,Friday,5,Weekday
2020-11-21,2020,Q4,11,11,November,Nov,2020-11,21,Saturday,6,Weekend
2020-11-22,2020,Q4,11,11,November,Nov,2020-11,22,Sunday,7,Weekend
2020-11-23,2020,Q4,11,11,November,Nov,2020-11,23,Monday,1,Weekday
2020-11-24,2020,Q4,11,11,November,Nov,2020-11,24,Tuesday,2,Weekday
2020-11-25,2020,Q4,11,11,November,Nov,2020-11,25,Wednesday,3,Weekday
2020-11-26,2020,Q4,11,11,November,Nov,2020-11,26,Thursday,4,Weekday
2020-11-27,2020,Q4,11,11,November,Nov,2020-11,27,Friday,5,Weekday
2020-11-28,2020,Q4,11,11,November,Nov,2020-11,28,Saturday,6,Weekend
2020-11-29,2020,Q4,11,11,November,Nov,2020-11,29,Sunday,7,Weekend
2020-11-30,2020,Q4,11,11,November,Nov,2020-11,30,Monday,1,Weekday
2020-12-01,2020,Q4,12,12,December,Dec,2020-12,1,Tuesday,2,Weekday
2020-12-02,2020,Q4,12,12,December,Dec,2020-12,2,Wednesday,3,Weekday
2020-12-03,2020,Q4,12,12,December,Dec,2020-12,3,Thursday,4,Weekday
2020-12-04,2020,Q4,12,12,December,Dec,2020-12,4,Friday,5,Weekday
2020-12-05,2020,Q4,12,12,December,Dec,2020-12,5,Saturday,6,Weekend
2020-12-06,2020,Q4,12,12,December,Dec,2020-12,6,Sunday,7,Weekend
2020-12-07,2020,Q4,12,12,December,Dec,2020-12,7,Monday,1,Weekday
2020-12-08,2020,Q4,12,12,December,Dec,2020-12,8,Tuesday,2,Weekday
2020-12-09,2020,Q4,12,12,December,Dec,2020-12,9,Wednesday,3,Weekday
2020-12-10,2020,Q4,12,12,December,Dec,2020-12,10,Thursday,4,Weekday
2020-12-11,2020,Q4,12,12,December,Dec,2020-12,11,Friday,5,Weekday
2020-12-12,2020,Q4,12,12,December,Dec,2020-12,12,Saturday,6,Weekend
2020-12-13,2020,Q4,12,12,December,Dec,2020-12,13,Sunday,7,Weekend
2020-12-14,2020,Q4,12,12,December,Dec,2020-12,14,Monday,1,Weekday
2020-12-15,2020,Q4,12,12,December,Dec,2020-12,15,Tuesday,2,Weekday
2020-12-16,2020,Q4,12,12,December,Dec,2020-12,16,Wednesday,3,Weekday
2020-12-17,2020,Q4,12,12,December,Dec,2020-12,17,Thursday,4,Weekday
2020-12-18,2020,Q4,12,12,December,Dec,2020-12,18,Friday,5,Weekday
2020-12-19,2020,Q4,12,12,December,Dec,2020-12,19,Saturday,6,Weekend
2020-12-20,2020,Q4,12,12,December,Dec,2020-12,20,Sunday,7,Weekend
2020-12-21,2020,Q4,12,12,December,Dec,2020-12,21,Monday,1,Weekday
2020-12-22,2020,Q4,12,12,December,Dec,2020-12,22,Tuesday,2,Weekday
2020-12-23,2020,Q4,12,12,December,Dec,2020-12,23,Wednesday,3,Weekday
2020-12-24,2020,Q4,12,12,December,Dec,2020-12,24,Thursday,4,Weekday
2020-12-25,2020,Q4,12,12,December,Dec,2020-12,25,Friday,5,Weekday
2020-12-26,2020,Q4,12,12,December,Dec,2020-12,26,Saturday,6,Weekend
2020-12-27,2020,Q4,12,12,December,Dec,2020-12,27,Sunday,7,Weekend
2020-12-28,2020,Q4,12,12,December,Dec,2020-12,28,Monday,1,Weekday
2020-12-29,2020,Q4,12,12,December,Dec,2020-12,29,Tuesday,2,Weekday
2020-12-30,2020,Q4,12,12,December,Dec,2020-12,30,Wednesday,3,Weekday
2020-12-31,2020,Q4,12,12,December,Dec,2020-12,31,Thursday,4,Weekday
2021-01-01,2021,Q1,1,1,January,Jan,2021-01,1,Friday,5,Weekday
2021-01-02,2021,Q1,1,1,January,Jan,2021-01,2,Saturday,6,Weekend
2021-01-03,2021,Q1,1,1,January,Jan,2021-01,3,Sunday,7,Weekend
2021-01-04,2021,Q1,1,1,January,Jan,2021-01,4,Monday,1,Weekday
2021-01-05,2021,Q1,1,1,January,Jan,2021-01,5,Tuesday,2,Weekday
2021-01-06,2021,Q1,1,1,January,Jan,2021-01,6,Wednesday,3,Weekday
2021-01-07,2021,Q1,1,1,January,Jan,2021-01,7,Thursday,4,Weekday
2021-01-08,2021,Q1,1,1,January,Jan,2021-01,8,Friday,5,Weekday
2021-01-09,2021,Q1,1,1,January,Jan,2021-01,9,Saturday,6,Weekend
2021-01-10,2021,Q1,1,1,January,Jan,2021-01,10,Sunday,7,Weekend
2021-01-11,2021,Q1,1,1,January,Jan,2021-01,11,Monday,1,Weekday
2021-01-12,2021,Q1,1,1,January,Jan,2021-01,12,Tuesday,2,Weekday
2021-01-13,2021,Q1,1,1,January,Jan,2021-01,13,Wednesday,3,Weekday
2021-01-14,2021,Q1,1,1,January,Jan,2021-01,14,Thursday,4,Weekday
2021-01-15,2021,Q1,1,1,January,Jan,2021-01,15,Friday,5,Weekday
2021-01-16,2021,Q1,1,1,January,Jan,2021-01,16,Saturday,6,Weekend
2021-01-17,2021,Q1,1,1,January,Jan,2021-01,17,Sunday,7,Weekend
2021-01-18,2021,Q1,1,1,January,Jan,2021-01,18,Monday,1,Weekday
2021-01-19,2021,Q1,1,1,January,Jan,2021-01,19,Tuesday,2,Weekday
2021-01-20,2021,Q1,1,1,January,Jan,2021-01,20,Wednesday,3,Weekday
2021-01-21,2021,Q1,1,1,January,Jan,2021-01,21,Thursday,4,Weekday
2021-01-22,2021,Q1,1,1,January,Jan,2021-01,22,Friday,5,Weekday
2021-01-23,2021,Q1,1,1,January,Jan,2021-01,23,Saturday,6,Weekend
2021-01-24,2021,Q1,1,1,January,Jan,2021-01,24,Sunday,7,Weekend
2021-01-25,2021,Q1,1,1,January,Jan,2021-01,25,Monday,1,Weekday
2021-01-26,2021,Q1,1,1,January,Jan,2021-01,26,Tuesday,2,Weekday
2021-01-27,2021,Q1,1,1,January,Jan,2021-01,27,Wednesday,3,Weekday
2021-01-28,2021,Q1,1,1,January,Jan,2021-01,28,Thursday,4,Weekday
2021-01-29,2021,Q1,1,1,January,Jan,2021-01,29,Friday,5,Weekday
2021-01-30,2021,Q1,1,1,January,Jan,2021-01,30,Saturday,6,Weekend
2021-01-31,2021,Q1,1,1,January,Jan,2021-01,31,Sunday,7,Weekend
2021-02-01,2021,Q1,2,2,February,Feb,2021-02,1,Monday,1,Weekday
2021-02-02,2021,Q1,2,2,February,Feb,2021-02,2,Tuesday,2,Weekday
2021-02-03,2021,Q1,2,2,February,Feb,2021-02,3,Wednesday,3,Weekday
2021-02-04,2021,Q1,2,2,February,Feb,2021-02,4,Thursday,4,Weekday
2021-02-05,2021,Q1,2,2,February,Feb,2021-02,5,Friday,5,Weekday
2021-02-06,2021,Q1,2,2,February,Feb,2021-02,6,Saturday,6,Weekend
2021-02-07,2021,Q1,2,2,February,Feb,2021-02,7,Sunday,7,Weekend
2021-02-08,2021,Q1,2,2,February,Feb,2021-02,8,Monday,1,Weekday
2021-02-09,2021,Q1,2,2,February,Feb,2021-02,9,Tuesday,2,Weekday
2021-02-10,2021,Q1,2,2,February,Feb,2021-02,10,Wednesday,3,Weekday
2021-02-11,2021,Q1,2,2,February,Feb,2021-02,11,Thursday,4,Weekday
2021-02-12,2021,Q1,2,2,February,Feb,2021-02,12,Friday,5,Weekday
2021-02-13,2021,Q1,2,2,February,Feb,2021-02,13,Saturday,6,Weekend
2021-02-14,2021,Q1,2,2,February,Feb,2021-02,14,Sunday,7,Weekend
2021-02-15,2021,Q1,2,2,February,Feb,2021-02,15,Monday,1,Weekday
2021-02-16,2021,Q1,2,2,February,Feb,2021-02,16,Tuesday,2,Weekday
2021-02-17,2021,Q1,2,2,February,Feb,2021-02,17,Wednesday,3,Weekday
2021-02-18,2021,Q1,2,2,February,Feb,2021-02,18,Thursday,4,Weekday
2021-02-19,2021,Q1,2,2,February,Feb,2021-02,19,Friday,5,Weekday
2021-02-20,2021,Q1,2,2,February,Feb,2021-02,20,Saturday,6,Weekend
2021-02-21,2021,Q1,2,2,February,Feb,2021-02,21,Sunday,7,Weekend
2021-02-22,2021,Q1,2,2,February,Feb,2021-02,22,Monday,1,Weekday
2021-02-23,2021,Q1,2,2,February,Feb,2021-02,23,Tuesday,2,Weekday
2021-02-24,2021,Q1,2,2,February,Feb,2021-02,24,Wednesday,3,Weekday
2021-02-25,2021,Q1,2,2,February,Feb,2021-02,25,Thursday,4,Weekday
2021-02-26,2021,Q1,2,2,February,Feb,2021-02,26,Friday,5,Weekday
2021-02-27,2021,Q1,2,2,February,Feb,2021-02,27,Saturday,6,Weekend
2021-02-28,2021,Q1,2,2,February,Feb,2021-02,28,Sunday,7,Weekend
2021-03-01,2021,Q1,3,3,March,Mar,2021-03,1,Monday,1,Weekday
2021-03-02,2021,Q1,3,3,March,Mar,2021-03,2,Tuesday,2,Weekday
2021-03-03,2021,Q1,3,3,March,Mar,2021-03,3,Wednesday,3,Weekday
2021-03-04,2021,Q1,3,3,March,Mar,2021-03,4,Thursday,4,Weekday
2021-03-05,2021,Q1,3,3,March,Mar,2021-03,5,Friday,5,Weekday
2021-03-06,2021,Q1,3,3,March,Mar,2021-03,6,Saturday,6,Weekend
2021-03-07,2021,Q1,3,3,March,Mar,2021-03,7,Sunday,7,Weekend
2021-03-08,2021,Q1,3,3,March,Mar,2021-03,8,Monday,1,Weekday
2021-03-09,2021,Q1,3,3,March,Mar,2021-03,9,Tuesday,2,Weekday
2021-03-10,2021,Q1,3,3,March,Mar,2021-03,10,Wednesday,3,Weekday
2021-03-11,2021,Q1,3,3,March,Mar,2021-03,11,Thursday,4,Weekday
2021-03-12,2021,Q1,3,3,March,Mar,2021-03,12,Friday,5,Weekday
2021-03-13,2021,Q1,3,3,March,Mar,2021-03,13,Saturday,6,Weekend
2021-03-14,2021,Q1,3,3,March,Mar,2021-03,14,Sunday,7,Weekend
2021-03-15,2021,Q1,3,3,March,Mar,2021-03,15,Monday,1,Weekday
2021-03-16,2021,Q1,3,3,March,Mar,2021-03,16,Tuesday,2,Weekday
2021-03-17,2021,Q1,3,3,March,Mar,2021-03,17,Wednesday,3,Weekday
2021-03-18,2021,Q1,3,3,March,Mar,2021-03,18,Thursday,4,Weekday
2021-03-19,2021,Q1,3,3,March,Mar,2021-03,19,Friday,5,Weekday
2021-03-20,2021,Q1,3,3,March,Mar,2021-03,20,Saturday,6,Weekend
2021-03-21,2021,Q1,3,3,March,Mar,2021-03,21,Sunday,7,Weekend
2021-03-22,2021,Q1,3,3,March,Mar,2021-03,22,Monday,1,Weekday
2021-03-23,2021,Q1,3,3,March,Mar,2021-03,23,Tuesday,2,Weekday
2021-03-24,2021,Q1,3,3,March,Mar,2021-03,24,Wednesday,3,Weekday
2021-03-25,2021,Q1,3,3,March,Mar,2021-03,25,Thursday,4,Weekday
2021-03-26,2021,Q1,3,3,March,Mar,2021-03,26,Friday,5,Weekday
2021-03-27,2021,Q1,3,3,March,Mar,2021-03,27,Saturday,6,Weekend
2021-03-28,2021,Q1,3,3,March,Mar,2021-03,28,Sunday,7,Weekend
2021-03-29,2021,Q1,3,3,March,Mar,2021-03,29,Monday,1,Weekday
2021-03-30,2021,Q1,3,3,March,Mar,2021-03,30,Tuesday,2,Weekday
2021-03-31,2021,Q1,3,3,March,Mar,2021-03,31,Wednesday,3,Weekday
2021-04-01,2021,Q2,4,4,April,Apr,2021-04,1,Thursday,4,Weekday
2021-04-02,2021,Q2,4,4,April,Apr,2021-04,2,Friday,5,Weekday
2021-04-03,2021,Q2,4,4,April,Apr,2021-04,3,Saturday,6,Weekend
2021-04-04,2021,Q2,4,4,April,Apr,2021-04,4,Sunday,7,Weekend
2021-04-05,2021,Q2,4,4,April,Apr,2021-04,5,Monday,1,Weekday
2021-04-06,2021,Q2,4,4,April,Apr,2021-04,6,Tuesday,2,Weekday
2021-04-07,2021,Q2,4,4,April,Apr,2021-04,7,Wednesday,3,Weekday
2021-04-08,2021,Q2,4,4,April,Apr,2021-04,8,Thursday,4,Weekday
2021-04-09,2021,Q2,4,4,April,Apr,2021-04,9,Friday,5,Weekday
2021-04-10,2021,Q2,4,4,April,Apr,2021-04,10,Saturday,6,Weekend
2021-04-11,2021,Q2,4,4,April,Apr,2021-04,11,Sunday,7,Weekend
2021-04-12,2021,Q2,4,4,April,Apr,2021-04,12,Monday,1,Weekday
2021-04-13,2021,Q2,4,4,April,Apr,2021-04,13,Tuesday,2,Weekday
2021-04-14,2021,Q2,4,4,April,Apr,2021-04,14,Wednesday,3,Weekday
2021-04-15,2021,Q2,4,4,April,Apr,2021-04,15,Thursday,4,Weekday
2021-04-16,2021,Q2,4,4,April,Apr,2021-04,16,Friday,5,Weekday
2021-04-17,2021,Q2,4,4,April,Apr,2021-04,17,Saturday,6,Weekend
2021-04-18,2021,Q2,4,4,April,Apr,2021-04,18,Sunday,7,Weekend
2021-04-19,2021,Q2,4,4,April,Apr,2021-04,19,Monday,1,Weekday
2021-04-20,2021,Q2,4,4,April,Apr,2021-04,20,Tuesday,2,Weekday
2021-04-21,2021,Q2,4,4,April,Apr,2021-04,21,Wednesday,3,Weekday
2021-04-22,2021,Q2,4,4,April,Apr,2021-04,22,Thursday,4,Weekday
2021-04-23,2021,Q2,4,4,April,Apr,2021-04,23,Friday,5,Weekday
2021-04-24,2021,Q2,4,4,April,Apr,2021-04,24,Saturday,6,Weekend
2021-04-25,2021,Q2,4,4,April,Apr,2021-04,25,Sunday,7,Weekend
2021-04-26,2021,Q2,4,4,April,Apr,2021-04,26,Monday,1,Weekday
2021-04-27,2021,Q2,4,4,April,Apr,2021-04,27,Tuesday,2,Weekday
2021-04-28,2021,Q2,4,4,April,Apr,2021-04,28,Wednesday,3,Weekday
2021-04-29,2021,Q2,4,4,April,Apr,2021-04,29,Thursday,4,Weekday
2021-04-30,2021,Q2,4,4,April,Apr,2021-04,30,Friday,5,Weekday
2021-05-01,2021,Q2,5,5,May,May,2021-05,1,Saturday,6,Weekend
2021-05-02,2021,Q2,5,5,May,May,2021-05,2,Sunday,7,Weekend
2021-05-03,2021,Q2,5,5,May,May,2021-05,3,Monday,1,Weekday
2021-05-04,2021,Q2,5,5,May,May,2021-05,4,Tuesday,2,Weekday
2021-05-05,2021,Q2,5,5,May,May,2021-05,5,Wednesday,3,Weekday
2021-05-06,2021,Q2,5,5,May,May,2021-05,6,Thursday,4,Weekday
2021-05-07,2021,Q2,5,5,May,May,2021-05,7,Friday,5,Weekday
2021-05-08,2021,Q2,5,5,May,May,2021-05,8,Saturday,6,Weekend
2021-05-09,2021,Q2,5,5,May,May,2021-05,9,Sunday,7,Weekend
2021-05-10,2021,Q2,5,5,May,May,2021-05,10,Monday,1,Weekday
2021-05-11,2021,Q2,5,5,May,May,2021-05,11,Tuesday,2,Weekday
2021-05-12,2021,Q2,5,5,May,May,2021-05,12,Wednesday,3,Weekday
2021-05-13,2021,Q2,5,5,May,May,2021-05,13,Thursday,4,Weekday
2021-05-14,2021,Q2,5,5,May,May,2021-05,14,Friday,5,Weekday
2021-05-15,2021,Q2,5,5,May,May,2021-05,15,Saturday,6,Weekend
2021-05-16,2021,Q2,5,5,May,May,2021-05,16,Sunday,7,Weekend
2021-05-17,2021,Q2,5,5,May,May,2021-05,17,Monday,1,Weekday
2021-05-18,2021,Q2,5,5,May,May,2021-05,18,Tuesday,2,Weekday
2021-05-19,2021,Q2,5,5,May,May,2021-05,19,Wednesday,3,Weekday
2021-05-20,2021,Q2,5,5,May,May,2021-05,20,Thursday,4,Weekday
2021-05-21,2021,Q2,5,5,May,May,2021-05,21,Friday,5,Weekday
2021-05-22,2021,Q2,5,5,May,May,2021-05,22,Saturday,6,Weekend
2021-05-23,2021,Q2,5,5,May,May,2021-05,23,Sunday,7,Weekend
2021-05-24,2021,Q2,5,5,May,May,2021-05,24,Monday,1,Weekday
2021-05-25,2021,Q2,5,5,May,May,2021-05,25,Tuesday,2,Weekday
2021-05-26,2021,Q2,5,5,May,May,2021-05,26,Wednesday,3,Weekday
2021-05-27,2021,Q2,5,5,May,May,2021-05,27,Thursday,4,Weekday
2021-05-28,2021,Q2,5,5,May,May,2021-05,28,Friday,5,Weekday
2021-05-29,2021,Q2,5,5,May,May,2021-05,29,Saturday,6,Weekend
2021-05-30,2021,Q2,5,5,May,May,2021-05,30,Sunday,7,Weekend
2021-05-31,2021,Q2,5,5,May,May,2021-05,31,Monday,1,Weekday
2021-06-01,2021,Q2,6,6,June,Jun,2021-06,1,Tuesday,2,Weekday
2021-06-02,2021,Q2,6,6,June,Jun,2021-06,2,Wednesday,3,Weekday
2021-06-03,2021,Q2,6,6,June,Jun,2021-06,3,Thursday,4,Weekday
2021-06-04,2021,Q2,6,6,June,Jun,2021-06,4,Friday,5,Weekday
2021-06-05,2021,Q2,6,6,June,Jun,2021-06,5,Saturday,6,Weekend
2021-06-06,2021,Q2,6,6,June,Jun,2021-06,6,Sunday,7,Weekend
2021-06-07,2021,Q2,6,6,June,Jun,2021-06,7,Monday,1,Weekday
2021-06-08,2021,Q2,6,6,June,Jun,2021-06,8,Tuesday,2,Weekday
2021-06-09,2021,Q2,6,6,June,Jun,2021-06,9,Wednesday,3,Weekday
2021-06-10,2021,Q2,6,6,June,Jun,2021-06,10,Thursday,4,Weekday
2021-06-11,2021,Q2,6,6,June,Jun,2021-06,11,Friday,5,Weekday
2021-06-12,2021,Q2,6,6,June,Jun,2021-06,12,Saturday,6,Weekend
2021-06-13,2021,Q2,6,6,June,Jun,2021-06,13,Sunday,7,Weekend
2021-06-14,2021,Q2,6,6,June,Jun,2021-06,14,Monday,1,Weekday
2021-06-15,2021,Q2,6,6,June,Jun,2021-06,15,Tuesday,2,Weekday
2021-06-16,2021,Q2,6,6,June,Jun,2021-06,16,Wednesday,3,Weekday
2021-06-17,2021,Q2,6,6,June,Jun,2021-06,17,Thursday,4,Weekday
2021-06-18,2021,Q2,6,6,June,Jun,2021-06,18,Friday,5,Weekday
2021-06-19,2021,Q2,6,6,June,Jun,2021-06,19,Saturday,6,Weekend
2021-06-20,2021,Q2,6,6,June,Jun,2021-06,20,Sunday,7,Weekend
2021-06-21,2021,Q2,6,6,June,Jun,2021-06,21,Monday,1,Weekday
2021-06-22,2021,Q2,6,6,June,Jun,2021-06,22,Tuesday,2,Weekday
2021-06-23,2021,Q2,6,6,June,Jun,2021-06,23,Wednesday,3,Weekday
2021-06-24,2021,Q2,6,6,June,Jun,2021-06,24,Thursday,4,Weekday
2021-06-25,2021,Q2,6,6,June,Jun,2021-06,25,Friday,5,Weekday
2021-06-26,2021,Q2,6,6,June,Jun,2021-06,26,Saturday,6,Weekend
2021-06-27,2021,Q2,6,6,June,Jun,2021-06,27,Sunday,7,Weekend
2021-06-28,2021,Q2,6,6,June,Jun,2021-06,28,Monday,1,Weekday
2021-06-29,2021,Q2,6,6,June,Jun,2021-06,29,Tuesday,2,Weekday
2021-06-30,2021,Q2,6,6,June,Jun,2021-06,30,Wednesday,3,Weekday
2021-07-01,2021,Q3,7,7,July,Jul,2021-07,1,Thursday,4,Weekday
2021-07-02,2021,Q3,7,7,July,Jul,2021-07,2,Friday,5,Weekday
2021-07-03,2021,Q3,7,7,July,Jul,2021-07,3,Saturday,6,Weekend
2021-07-04,2021,Q3,7,7,July,Jul,2021-07,4,Sunday,7,Weekend
2021-07-05,2021,Q3,7,7,July,Jul,2021-07,5,Monday,1,Weekday
2021-07-06,2021,Q3,7,7,July,Jul,2021-07,6,Tuesday,2,Weekday
2021-07-07,2021,Q3,7,7,July,Jul,2021-07,7,Wednesday,3,Weekday
2021-07-08,2021,Q3,7,7,July,Jul,2021-07,8,Thursday,4,Weekday
2021-07-09,2021,Q3,7,7,July,Jul,2021-07,9,Friday,5,Weekday
2021-07-10,2021,Q3,7,7,July,Jul,2021-07,10,Saturday,6,Weekend
2021-07-11,2021,Q3,7,7,July,Jul,2021-07,11,Sunday,7,Weekend
2021-07-12,2021,Q3,7,7,July,Jul,2021-07,12,Monday,1,Weekday
2021-07-13,2021,Q3,7,7,July,Jul,2021-07,13,Tuesday,2,Weekday
2021-07-14,2021,Q3,7,7,July,Jul,2021-07,14,Wednesday,3,Weekday
2021-07-15,2021,Q3,7,7,July,Jul,2021-07,15,Thursday,4,Weekday
2021-07-16,2021,Q3,7,7,July,Jul,2021-07,16,Friday,5,Weekday
2021-07-17,2021,Q3,7,7,July,Jul,2021-07,17,Saturday,6,Weekend
2021-07-18,2021,Q3,7,7,July,Jul,2021-07,18,Sunday,7,Weekend
2021-07-19,2021,Q3,7,7,July,Jul,2021-07,19,Monday,1,Weekday
2021-07-20,2021,Q3,7,7,July,Jul,2021-07,20,Tuesday,2,Weekday
2021-07-21,2021,Q3,7,7,July,Jul,2021-07,21,Wednesday,3,Weekday
2021-07-22,2021,Q3,7,7,July,Jul,2021-07,22,Thursday,4,Weekday
2021-07-23,2021,Q3,7,7,July,Jul,2021-07,23,Friday,5,Weekday
2021-07-24,2021,Q3,7,7,July,Jul,2021-07,24,Saturday,6,Weekend
2021-07-25,2021,Q3,7,7,July,Jul,2021-07,25,Sunday,7,Weekend
2021-07-26,2021,Q3,7,7,July,Jul,2021-07,26,Monday,1,Weekday
2021-07-27,2021,Q3,7,7,July,Jul,2021-07,27,Tuesday,2,Weekday
2021-07-28,2021,Q3,7,7,July,Jul,2021-07,28,Wednesday,3,Weekday
2021-07-29,2021,Q3,7,7,July,Jul,2021-07,29,Thursday,4,Weekday
2021-07-30,2021,Q3,7,7,July,Jul,2021-07,30,Friday,5,Weekday
2021-07-31,2021,Q3,7,7,July,Jul,2021-07,31,Saturday,6,Weekend
2021-08-01,2021,Q3,8,8,August,Aug,2021-08,1,Sunday,7,Weekend
2021-08-02,2021,Q3,8,8,August,Aug,2021-08,2,Monday,1,Weekday
2021-08-03,2021,Q3,8,8,August,Aug,2021-08,3,Tuesday,2,Weekday
2021-08-04,2021,Q3,8,8,August,Aug,2021-08,4,Wednesday,3,Weekday
2021-08-05,2021,Q3,8,8,August,Aug,2021-08,5,Thursday,4,Weekday
2021-08-06,2021,Q3,8,8,August,Aug,2021-08,6,Friday,5,Weekday
2021-08-07,2021,Q3,8,8,August,Aug,2021-08,7,Saturday,6,Weekend
2021-08-08,2021,Q3,8,8,August,Aug,2021-08,8,Sunday,7,Weekend
2021-08-09,2021,Q3,8,8,August,Aug,2021-08,9,Monday,1,Weekday
2021-08-10,2021,Q3,8,8,August,Aug,2021-08,10,Tuesday,2,Weekday
2021-08-11,2021,Q3,8,8,August,Aug,2021-08,11,Wednesday,3,Weekday
2021-08-12,2021,Q3,8,8,August,Aug,2021-08,12,Thursday,4,Weekday
2021-08-13,2021,Q3,8,8,August,Aug,2021-08,13,Friday,5,Weekday
2021-08-14,2021,Q3,8,8,August,Aug,2021-08,14,Saturday,6,Weekend
2021-08-15,2021,Q3,8,8,August,Aug,2021-08,15,Sunday,7,Weekend
2021-08-16,2021,Q3,8,8,August,Aug,2021-08,16,Monday,1,Weekday
2021-08-17,2021,Q3,8,8,August,Aug,2021-08,17,Tuesday,2,Weekday
2021-08-18,2021,Q3,8,8,August,Aug,2021-08,18,Wednesday,3,Weekday
2021-08-19,2021,Q3,8,8,August,Aug,2021-08,19,Thursday,4,Weekday
2021-08-20,2021,Q3,8,8,August,Aug,2021-08,20,Friday,5,Weekday
2021-08-21,2021,Q3,8,8,August,Aug,2021-08,21,Saturday,6,Weekend
2021-08-22,2021,Q3,8,8,August,Aug,2021-08,22,Sunday,7,Weekend
2021-08-23,2021,Q3,8,8,August,Aug,2021-08,23,Monday,1,Weekday
2021-08-24,2021,Q3,8,8,August,Aug,2021-08,24,Tuesday,2,Weekday
2021-08-25,2021,Q3,8,8,August,Aug,2021-08,25,Wednesday,3,Weekday
2021-08-26,2021,Q3,8,8,August,Aug,2021-08,26,Thursday,4,Weekday
2021-08-27,2021,Q3,8,8,August,Aug,2021-08,27,Friday,5,Weekday
2021-08-28,2021,Q3,8,8,August,Aug,2021-08,28,Saturday,6,Weekend
2021-08-29,2021,Q3,8,8,August,Aug,2021-08,29,Sunday,7,Weekend
2021-08-30,2021,Q3,8,8,August,Aug,2021-08,30,Monday,1,Weekday
2021-08-31,2021,Q3,8,8,August,Aug,2021-08,31,Tuesday,2,Weekday
2021-09-01,2021,Q3,9,9,September,Sep,2021-09,1,Wednesday,3,Weekday
2021-09-02,2021,Q3,9,9,September,Sep,2021-09,2,Thursday,4,Weekday
2021-09-03,2021,Q3,9,9,September,Sep,2021-09,3,Friday,5,Weekday
2021-09-04,2021,Q3,9,9,September,Sep,2021-09,4,Saturday,6,Weekend
2021-09-05,2021,Q3,9,9,September,Sep,2021-09,5,Sunday,7,Weekend
2021-09-06,2021,Q3,9,9,September,Sep,2021-09,6,Monday,1,Weekday
2021-09-07,2021,Q3,9,9,September,Sep,2021-09,7,Tuesday,2,Weekday
2021-09-08,2021,Q3,9,9,September,Sep,2021-09,8,Wednesday,3,Weekday
2021-09-09,2021,Q3,9,9,September,Sep,2021-09,9,Thursday,4,Weekday
2021-09-10,2021,Q3,9,9,September,Sep,2021-09,10,Friday,5,Weekday
2021-09-11,2021,Q3,9,9,September,Sep,2021-09,11,Saturday,6,Weekend
2021-09-12,2021,Q3,9,9,September,Sep,2021-09,12,Sunday,7,Weekend
2021-09-13,2021,Q3,9,9,September,Sep,2021-09,13,Monday,1,Weekday
2021-09-14,2021,Q3,9,9,September,Sep,2021-09,14,Tuesday,2,Weekday
2021-09-15,2021,Q3,9,9,September,Sep,2021-09,15,Wednesday,3,Weekday
2021-09-16,2021,Q3,9,9,September,Sep,2021-09,16,Thursday,4,Weekday
2021-09-17,2021,Q3,9,9,September,Sep,2021-09,17,Friday,5,Weekday
2021-09-18,2021,Q3,9,9,September,Sep,2021-09,18,Saturday,6,Weekend
2021-09-19,2021,Q3,9,9,September,Sep,2021-09,19,Sunday,7,Weekend
2021-09-20,2021,Q3,9,9,September,Sep,2021-09,20,Monday,1,Weekday
2021-09-21,2021,Q3,9,9,September,Sep,2021-09,21,Tuesday,2,Weekday
2021-09-22,2021,Q3,9,9,September,Sep,2021-09,22,Wednesday,3,Weekday
2021-09-23,2021,Q3,9,9,September,Sep,2021-09,23,Thursday,4,Weekday
2021-09-24,2021,Q3,9,9,September,Sep,2021-09,24,Friday,5,Weekday
2021-09-25,2021,Q3,9,9,September,Sep,2021-09,25,Saturday,6,Weekend
2021-09-26,2021,Q3,9,9,September,Sep,2021-09,26,Sunday,7,Weekend
2021-09-27,2021,Q3,9,9,September,Sep,2021-09,27,Monday,1,Weekday
2021-09-28,2021,Q3,9,9,September,Sep,2021-09,28,Tuesday,2,Weekday
2021-09-29,2021,Q3,9,9,September,Sep,2021-09,29,Wednesday,3,Weekday
2021-09-30,2021,Q3,9,9,September,Sep,2021-09,30,Thursday,4,Weekday
2021-10-01,2021,Q4,10,10,October,Oct,2021-10,1,Friday,5,Weekday
2021-10-02,2021,Q4,10,10,October,Oct,2021-10,2,Saturday,6,Weekend
2021-10-03,2021,Q4,10,10,October,Oct,2021-10,3,Sunday,7,Weekend
2021-10-04,2021,Q4,10,10,October,Oct,2021-10,4,Monday,1,Weekday
2021-10-05,2021,Q4,10,10,October,Oct,2021-10,5,Tuesday,2,Weekday
2021-10-06,2021,Q4,10,10,October,Oct,2021-10,6,Wednesday,3,Weekday
2021-10-07,2021,Q4,10,10,October,Oct,2021-10,7,Thursday,4,Weekday
2021-10-08,2021,Q4,10,10,October,Oct,2021-10,8,Friday,5,Weekday
2021-10-09,2021,Q4,10,10,October,Oct,2021-10,9,Saturday,6,Weekend
2021-10-10,2021,Q4,10,10,October,Oct,2021-10,10,Sunday,7,Weekend
2021-10-11,2021,Q4,10,10,October,Oct,2021-10,11,Monday,1,Weekday
2021-10-12,2021,Q4,10,10,October,Oct,2021-10,12,Tuesday,2,Weekday
2021-10-13,2021,Q4,10,10,October,Oct,2021-10,13,Wednesday,3,Weekday
2021-10-14,2021,Q4,10,10,October,Oct,2021-10,14,Thursday,4,Weekday
2021-10-15,2021,Q4,10,10,October,Oct,2021-10,15,Friday,5,Weekday
2021-10-16,2021,Q4,10,10,October,Oct,2021-10,16,Saturday,6,Weekend
2021-10-17,2021,Q4,10,10,October,Oct,2021-10,17,Sunday,7,Weekend
2021-10-18,2021,Q4,10,10,October,Oct,2021-10,18,Monday,1,Weekday
2021-10-19,2021,Q4,10,10,October,Oct,2021-10,19,Tuesday,2,Weekday
2021-10-20,2021,Q4,10,10,October,Oct,2021-10,20,Wednesday,3,Weekday
2021-10-21,2021,Q4,10,10,October,Oct,2021-10,21,Thursday,4,Weekday
2021-10-22,2021,Q4,10,10,October,Oct,2021-10,22,Friday,5,Weekday
2021-10-23,2021,Q4,10,10,October,Oct,2021-10,23,Saturday,6,Weekend
2021-10-24,2021,Q4,10,10,October,Oct,2021-10,24,Sunday,7,Weekend
2021-10-25,2021,Q4,10,10,October,Oct,2021-10,25,Monday,1,Weekday
2021-10-26,2021,Q4,10,10,October,Oct,2021-10,26,Tuesday,2,Weekday
2021-10-27,2021,Q4,10,10,October,Oct,2021-10,27,Wednesday,3,Weekday
2021-10-28,2021,Q4,10,10,October,Oct,2021-10,28,Thursday,4,Weekday
2021-10-29,2021,Q4,10,10,October,Oct,2021-10,29,Friday,5,Weekday
2021-10-30,2021,Q4,10,10,October,Oct,2021-10,30,Saturday,6,Weekend
2021-10-31,2021,Q4,10,10,October,Oct,2021-10,31,Sunday,7,Weekend
2021-11-01,2021,Q4,11,11,November,Nov,2021-11,1,Monday,1,Weekday
2021-11-02,2021,Q4,11,11,November,Nov,2021-11,2,Tuesday,2,Weekday
2021-11-03,2021,Q4,11,11,November,Nov,2021-11,3,Wednesday,3,Weekday
2021-11-04,2021,Q4,11,11,November,Nov,2021-11,4,Thursday,4,Weekday
2021-11-05,2021,Q4,11,11,November,Nov,2021-11,5,Friday,5,Weekday
2021-11-06,2021,Q4,11,11,November,Nov,2021-11,6,Saturday,6,Weekend
2021-11-07,2021,Q4,11,11,November,Nov,2021-11,7,Sunday,7,Weekend
2021-11-08,2021,Q4,11,11,November,Nov,2021-11,8,Monday,1,Weekday
2021-11-09,2021,Q4,11,11,November,Nov,2021-11,9,Tuesday,2,Weekday
2021-11-10,2021,Q4,11,11,November,Nov,2021-11,10,Wednesday,3,Weekday
2021-11-11,2021,Q4,11,11,November,Nov,2021-11,11,Thursday,4,Weekday
2021-11-12,2021,Q4,11,11,November,Nov,2021-11,12,Friday,5,Weekday
2021-11-13,2021,Q4,11,11,November,Nov,2021-11,13,Saturday,6,Weekend
2021-11-14,2021,Q4,11,11,November,Nov,2021-11,14,Sunday,7,Weekend
2021-11-15,2021,Q4,11,11,November,Nov,2021-11,15,Monday,1,Weekday
2021-11-16,2021,Q4,11,11,November,Nov,2021-11,16,Tuesday,2,Weekday
2021-11-17,2021,Q4,11,11,November,Nov,2021-11,17,Wednesday,3,Weekday
2021-11-18,2021,Q4,11,11,November,Nov,2021-11,18,Thursday,4,Weekday
2021-11-19,2021,Q4,11,11,November,Nov,2021-11,19,Friday,5,Weekday
2021-11-20,2021,Q4,11,11,November,Nov,2021-11,20,Saturday,6,Weekend
2021-11-21,2021,Q4,11,11,November,Nov,2021-11,21,Sunday,7,Weekend
2021-11-22,2021,Q4,11,11,November,Nov,2021-11,22,Monday,1,Weekday
2021-11-23,2021,Q4,11,11,November,Nov,2021-11,23,Tuesday,2,Weekday
2021-11-24,2021,Q4,11,11,November,Nov,2021-11,24,Wednesday,3,Weekday
2021-11-25,2021,Q4,11,11,November,Nov,2021-11,25,Thursday,4,Weekday
2021-11-26,2021,Q4,11,11,November,Nov,2021-11,26,Friday,5,Weekday
2021-11-27,2021,Q4,11,11,November,Nov,2021-11,27,Saturday,6,Weekend
2021-11-28,2021,Q4,11,11,November,Nov,2021-11,28,Sunday,7,Weekend
2021-11-29,2021,Q4,11,11,November,Nov,2021-11,29,Monday,1,Weekday
2021-11-30,2021,Q4,11,11,November,Nov,2021-11,30,Tuesday,2,Weekday
2021-12-01,2021,Q4,12,12,December,Dec,2021-12,1,Wednesday,3,Weekday
2021-12-02,2021,Q4,12,12,December,Dec,2021-12,2,Thursday,4,Weekday
2021-12-03,2021,Q4,12,12,December,Dec,2021-12,3,Friday,5,Weekday
2021-12-04,2021,Q4,12,12,December,Dec,2021-12,4,Saturday,6,Weekend
2021-12-05,2021,Q4,12,12,December,Dec,2021-12,5,Sunday,7,Weekend
2021-12-06,2021,Q4,12,12,December,Dec,2021-12,6,Monday,1,Weekday
2021-12-07,2021,Q4,12,12,December,Dec,2021-12,7,Tuesday,2,Weekday
2021-12-08,2021,Q4,12,12,December,Dec,2021-12,8,Wednesday,3,Weekday
2021-12-09,2021,Q4,12,12,December,Dec,2021-12,9,Thursday,4,Weekday
2021-12-10,2021,Q4,12,12,December,Dec,2021-12,10,Friday,5,Weekday
2021-12-11,2021,Q4,12,12,December,Dec,2021-12,11,Saturday,6,Weekend
2021-12-12,2021,Q4,12,12,December,Dec,2021-12,12,Sunday,7,Weekend
2021-12-13,2021,Q4,12,12,December,Dec,2021-12,13,Monday,1,Weekday
2021-12-14,2021,Q4,12,12,December,Dec,2021-12,14,Tuesday,2,Weekday
2021-12-15,2021,Q4,12,12,December,Dec,2021-12,15,Wednesday,3,Weekday
2021-12-16,2021,Q4,12,12,December,Dec,2021-12,16,Thursday,4,Weekday
2021-12-17,2021,Q4,12,12,December,Dec,2021-12,17,Friday,5,Weekday
2021-12-18,2021,Q4,12,12,December,Dec,2021-12,18,Saturday,6,Weekend
2021-12-19,2021,Q4,12,12,December,Dec,2021-12,19,Sunday,7,Weekend
2021-12-20,2021,Q4,12,12,December,Dec,2021-12,20,Monday,1,Weekday
2021-12-21,2021,Q4,12,12,December,Dec,2021-12,21,Tuesday,2,Weekday
2021-12-22,2021,Q4,12,12,December,Dec,2021-12,22,Wednesday,3,Weekday
2021-12-23,2021,Q4,12,12,December,Dec,2021-12,23,Thursday,4,Weekday
2021-12-24,2021,Q4,12,12,December,Dec,2021-12,24,Friday,5,Weekday
2021-12-25,2021,Q4,12,12,December,Dec,2021-12,25,Saturday,6,Weekend
2021-12-26,2021,Q4,12,12,December,Dec,2021-12,26,Sunday,7,Weekend
2021-12-27,2021,Q4,12,12,December,Dec,2021-12,27,Monday,1,Weekday
2021-12-28,2021,Q4,12,12,December,Dec,2021-12,28,Tuesday,2,Weekday
2021-12-29,2021,Q4,12,12,December,Dec,2021-12,29,Wednesday,3,Weekday
2021-12-30,2021,Q4,12,12,December,Dec,2021-12,30,Thursday,4,Weekday
2021-12-31,2021,Q4,12,12,December,Dec,2021-12,31,Friday,5,Weekday
2022-01-01,2022,Q1,1,1,January,Jan,2022-01,1,Saturday,6,Weekend
2022-01-02,2022,Q1,1,1,January,Jan,2022-01,2,Sunday,7,Weekend
2022-01-03,2022,Q1,1,1,January,Jan,2022-01,3,Monday,1,Weekday
2022-01-04,2022,Q1,1,1,January,Jan,2022-01,4,Tuesday,2,Weekday
2022-01-05,2022,Q1,1,1,January,Jan,2022-01,5,Wednesday,3,Weekday
2022-01-06,2022,Q1,1,1,January,Jan,2022-01,6,Thursday,4,Weekday
2022-01-07,2022,Q1,1,1,January,Jan,2022-01,7,Friday,5,Weekday
2022-01-08,2022,Q1,1,1,January,Jan,2022-01,8,Saturday,6,Weekend
2022-01-09,2022,Q1,1,1,January,Jan,2022-01,9,Sunday,7,Weekend
2022-01-10,2022,Q1,1,1,January,Jan,2022-01,10,Monday,1,Weekday
2022-01-11,2022,Q1,1,1,January,Jan,2022-01,11,Tuesday,2,Weekday
2022-01-12,2022,Q1,1,1,January,Jan,2022-01,12,Wednesday,3,Weekday
2022-01-13,2022,Q1,1,1,January,Jan,2022-01,13,Thursday,4,Weekday
2022-01-14,2022,Q1,1,1,January,Jan,2022-01,14,Friday,5,Weekday
2022-01-15,2022,Q1,1,1,January,Jan,2022-01,15,Saturday,6,Weekend
2022-01-16,2022,Q1,1,1,January,Jan,2022-01,16,Sunday,7,Weekend
2022-01-17,2022,Q1,1,1,January,Jan,2022-01,17,Monday,1,Weekday
2022-01-18,2022,Q1,1,1,January,Jan,2022-01,18,Tuesday,2,Weekday
2022-01-19,2022,Q1,1,1,January,Jan,2022-01,19,Wednesday,3,Weekday
2022-01-20,2022,Q1,1,1,January,Jan,2022-01,20,Thursday,4,Weekday
2022-01-21,2022,Q1,1,1,January,Jan,2022-01,21,Friday,5,Weekday
2022-01-22,2022,Q1,1,1,January,Jan,2022-01,22,Saturday,6,Weekend
2022-01-23,2022,Q1,1,1,January,Jan,2022-01,23,Sunday,7,Weekend
2022-01-24,2022,Q1,1,1,January,Jan,2022-01,24,Monday,1,Weekday
2022-01-25,2022,Q1,1,1,January,Jan,2022-01,25,Tuesday,2,Weekday
2022-01-26,2022,Q1,1,1,January,Jan,2022-01,26,Wednesday,3,Weekday
2022-01-27,2022,Q1,1,1,January,Jan,2022-01,27,Thursday,4,Weekday
2022-01-28,2022,Q1,1,1,January,Jan,2022-01,28,Friday,5,Weekday
2022-01-29,2022,Q1,1,1,January,Jan,2022-01,29,Saturday,6,Weekend
2022-01-30,2022,Q1,1,1,January,Jan,2022-01,30,Sunday,7,Weekend
2022-01-31,2022,Q1,1,1,January,Jan,2022-01,31,Monday,1,Weekday
2022-02-01,2022,Q1,2,2,February,Feb,2022-02,1,Tuesday,2,Weekday
2022-02-02,2022,Q1,2,2,February,Feb,2022-02,2,Wednesday,3,Weekday
2022-02-03,2022,Q1,2,2,February,Feb,2022-02,3,Thursday,4,Weekday
2022-02-04,2022,Q1,2,2,February,Feb,2022-02,4,Friday,5,Weekday
2022-02-05,2022,Q1,2,2,February,Feb,2022-02,5,Saturday,6,Weekend
2022-02-06,2022,Q1,2,2,February,Feb,2022-02,6,Sunday,7,Weekend
2022-02-07,2022,Q1,2,2,February,Feb,2022-02,7,Monday,1,Weekday
2022-02-08,2022,Q1,2,2,February,Feb,2022-02,8,Tuesday,2,Weekday
2022-02-09,2022,Q1,2,2,February,Feb,2022-02,9,Wednesday,3,Weekday
2022-02-10,2022,Q1,2,2,February,Feb,2022-02,10,Thursday,4,Weekday
2022-02-11,2022,Q1,2,2,February,Feb,2022-02,11,Friday,5,Weekday
2022-02-12,2022,Q1,2,2,February,Feb,2022-02,12,Saturday,6,Weekend
2022-02-13,2022,Q1,2,2,February,Feb,2022-02,13,Sunday,7,Weekend
2022-02-14,2022,Q1,2,2,February,Feb,2022-02,14,Monday,1,Weekday
2022-02-15,2022,Q1,2,2,February,Feb,2022-02,15,Tuesday,2,Weekday
2022-02-16,2022,Q1,2,2,February,Feb,2022-02,16,Wednesday,3,Weekday
2022-02-17,2022,Q1,2,2,February,Feb,2022-02,17,Thursday,4,Weekday
2022-02-18,2022,Q1,2,2,February,Feb,2022-02,18,Friday,5,Weekday
2022-02-19,2022,Q1,2,2,February,Feb,2022-02,19,Saturday,6,Weekend
2022-02-20,2022,Q1,2,2,February,Feb,2022-02,20,Sunday,7,Weekend
2022-02-21,2022,Q1,2,2,February,Feb,2022-02,21,Monday,1,Weekday
2022-02-22,2022,Q1,2,2,February,Feb,2022-02,22,Tuesday,2,Weekday
2022-02-23,2022,Q1,2,2,February,Feb,2022-02,23,Wednesday,3,Weekday
2022-02-24,2022,Q1,2,2,February,Feb,2022-02,24,Thursday,4,Weekday
2022-02-25,2022,Q1,2,2,February,Feb,2022-02,25,Friday,5,Weekday
2022-02-26,2022,Q1,2,2,February,Feb,2022-02,26,Saturday,6,Weekend
2022-02-27,2022,Q1,2,2,February,Feb,2022-02,27,Sunday,7,Weekend
2022-02-28,2022,Q1,2,2,February,Feb,2022-02,28,Monday,1,Weekday
2022-03-01,2022,Q1,3,3,March,Mar,2022-03,1,Tuesday,2,Weekday
2022-03-02,2022,Q1,3,3,March,Mar,2022-03,2,Wednesday,3,Weekday
2022-03-03,2022,Q1,3,3,March,Mar,2022-03,3,Thursday,4,Weekday
2022-03-04,2022,Q1,3,3,March,Mar,2022-03,4,Friday,5,Weekday
2022-03-05,2022,Q1,3,3,March,Mar,2022-03,5,Saturday,6,Weekend
2022-03-06,2022,Q1,3,3,March,Mar,2022-03,6,Sunday,7,Weekend
2022-03-07,2022,Q1,3,3,March,Mar,2022-03,7,Monday,1,Weekday
2022-03-08,2022,Q1,3,3,March,Mar,2022-03,8,Tuesday,2,Weekday
2022-03-09,2022,Q1,3,3,March,Mar,2022-03,9,Wednesday,3,Weekday
2022-03-10,2022,Q1,3,3,March,Mar,2022-03,10,Thursday,4,Weekday
2022-03-11,2022,Q1,3,3,March,Mar,2022-03,11,Friday,5,Weekday
2022-03-12,2022,Q1,3,3,March,Mar,2022-03,12,Saturday,6,Weekend
2022-03-13,2022,Q1,3,3,March,Mar,2022-03,13,Sunday,7,Weekend
2022-03-14,2022,Q1,3,3,March,Mar,2022-03,14,Monday,1,Weekday
2022-03-15,2022,Q1,3,3,March,Mar,2022-03,15,Tuesday,2,Weekday
2022-03-16,2022,Q1,3,3,March,Mar,2022-03,16,Wednesday,3,Weekday
2022-03-17,2022,Q1,3,3,March,Mar,2022-03,17,Thursday,4,Weekday
2022-03-18,2022,Q1,3,3,March,Mar,2022-03,18,Friday,5,Weekday
2022-03-19,2022,Q1,3,3,March,Mar,2022-03,19,Saturday,6,Weekend
2022-03-20,2022,Q1,3,3,March,Mar,2022-03,20,Sunday,7,Weekend
2022-03-21,2022,Q1,3,3,March,Mar,2022-03,21,Monday,1,Weekday
2022-03-22,2022,Q1,3,3,March,Mar,2022-03,22,Tuesday,2,Weekday
2022-03-23,2022,Q1,3,3,March,Mar,2022-03,23,Wednesday,3,Weekday
2022-03-24,2022,Q1,3,3,March,Mar,2022-03,24,Thursday,4,Weekday
2022-03-25,2022,Q1,3,3,March,Mar,2022-03,25,Friday,5,Weekday
2022-03-26,2022,Q1,3,3,March,Mar,2022-03,26,Saturday,6,Weekend
2022-03-27,2022,Q1,3,3,March,Mar,2022-03,27,Sunday,7,Weekend
2022-03-28,2022,Q1,3,3,March,Mar,2022-03,28,Monday,1,Weekday
2022-03-29,2022,Q1,3,3,March,Mar,2022-03,29,Tuesday,2,Weekday
2022-03-30,2022,Q1,3,3,March,Mar,2022-03,30,Wednesday,3,Weekday
2022-03-31,2022,Q1,3,3,March,Mar,2022-03,31,Thursday,4,Weekday
2022-04-01,2022,Q2,4,4,April,Apr,2022-04,1,Friday,5,Weekday
2022-04-02,2022,Q2,4,4,April,Apr,2022-04,2,Saturday,6,Weekend
2022-04-03,2022,Q2,4,4,April,Apr,2022-04,3,Sunday,7,Weekend
2022-04-04,2022,Q2,4,4,April,Apr,2022-04,4,Monday,1,Weekday
2022-04-05,2022,Q2,4,4,April,Apr,2022-04,5,Tuesday,2,Weekday
2022-04-06,2022,Q2,4,4,April,Apr,2022-04,6,Wednesday,3,Weekday
2022-04-07,2022,Q2,4,4,April,Apr,2022-04,7,Thursday,4,Weekday
2022-04-08,2022,Q2,4,4,April,Apr,2022-04,8,Friday,5,Weekday
2022-04-09,2022,Q2,4,4,April,Apr,2022-04,9,Saturday,6,Weekend
2022-04-10,2022,Q2,4,4,April,Apr,2022-04,10,Sunday,7,Weekend
2022-04-11,2022,Q2,4,4,April,Apr,2022-04,11,Monday,1,Weekday
2022-04-12,2022,Q2,4,4,April,Apr,2022-04,12,Tuesday,2,Weekday
2022-04-13,2022,Q2,4,4,April,Apr,2022-04,13,Wednesday,3,Weekday
2022-04-14,2022,Q2,4,4,April,Apr,2022-04,14,Thursday,4,Weekday
2022-04-15,2022,Q2,4,4,April,Apr,2022-04,15,Friday,5,Weekday
2022-04-16,2022,Q2,4,4,April,Apr,2022-04,16,Saturday,6,Weekend
2022-04-17,2022,Q2,4,4,April,Apr,2022-04,17,Sunday,7,Weekend
2022-04-18,2022,Q2,4,4,April,Apr,2022-04,18,Monday,1,Weekday
2022-04-19,2022,Q2,4,4,April,Apr,2022-04,19,Tuesday,2,Weekday
2022-04-20,2022,Q2,4,4,April,Apr,2022-04,20,Wednesday,3,Weekday
2022-04-21,2022,Q2,4,4,April,Apr,2022-04,21,Thursday,4,Weekday
2022-04-22,2022,Q2,4,4,April,Apr,2022-04,22,Friday,5,Weekday
2022-04-23,2022,Q2,4,4,April,Apr,2022-04,23,Saturday,6,Weekend
2022-04-24,2022,Q2,4,4,April,Apr,2022-04,24,Sunday,7,Weekend
2022-04-25,2022,Q2,4,4,April,Apr,2022-04,25,Monday,1,Weekday
2022-04-26,2022,Q2,4,4,April,Apr,2022-04,26,Tuesday,2,Weekday
2022-04-27,2022,Q2,4,4,April,Apr,2022-04,27,Wednesday,3,Weekday
2022-04-28,2022,Q2,4,4,April,Apr,2022-04,28,Thursday,4,Weekday
2022-04-29,2022,Q2,4,4,April,Apr,2022-04,29,Friday,5,Weekday
2022-04-30,2022,Q2,4,4,April,Apr,2022-04,30,Saturday,6,Weekend
2022-05-01,2022,Q2,5,5,May,May,2022-05,1,Sunday,7,Weekend
2022-05-02,2022,Q2,5,5,May,May,2022-05,2,Monday,1,Weekday
2022-05-03,2022,Q2,5,5,May,May,2022-05,3,Tuesday,2,Weekday
2022-05-04,2022,Q2,5,5,May,May,2022-05,4,Wednesday,3,Weekday
2022-05-05,2022,Q2,5,5,May,May,2022-05,5,Thursday,4,Weekday
2022-05-06,2022,Q2,5,5,May,May,2022-05,6,Friday,5,Weekday
2022-05-07,2022,Q2,5,5,May,May,2022-05,7,Saturday,6,Weekend
2022-05-08,2022,Q2,5,5,May,May,2022-05,8,Sunday,7,Weekend
2022-05-09,2022,Q2,5,5,May,May,2022-05,9,Monday,1,Weekday
2022-05-10,2022,Q2,5,5,May,May,2022-05,10,Tuesday,2,Weekday
2022-05-11,2022,Q2,5,5,May,May,2022-05,11,Wednesday,3,Weekday
2022-05-12,2022,Q2,5,5,May,May,2022-05,12,Thursday,4,Weekday
2022-05-13,2022,Q2,5,5,May,May,2022-05,13,Friday,5,Weekday
2022-05-14,2022,Q2,5,5,May,May,2022-05,14,Saturday,6,Weekend
2022-05-15,2022,Q2,5,5,May,May,2022-05,15,Sunday,7,Weekend
2022-05-16,2022,Q2,5,5,May,May,2022-05,16,Monday,1,Weekday
2022-05-17,2022,Q2,5,5,May,May,2022-05,17,Tuesday,2,Weekday
2022-05-18,2022,Q2,5,5,May,May,2022-05,18,Wednesday,3,Weekday
2022-05-19,2022,Q2,5,5,May,May,2022-05,19,Thursday,4,Weekday
2022-05-20,2022,Q2,5,5,May,May,2022-05,20,Friday,5,Weekday
2022-05-21,2022,Q2,5,5,May,May,2022-05,21,Saturday,6,Weekend
2022-05-22,2022,Q2,5,5,May,May,2022-05,22,Sunday,7,Weekend
2022-05-23,2022,Q2,5,5,May,May,2022-05,23,Monday,1,Weekday
2022-05-24,2022,Q2,5,5,May,May,2022-05,24,Tuesday,2,Weekday
2022-05-25,2022,Q2,5,5,May,May,2022-05,25,Wednesday,3,Weekday
2022-05-26,2022,Q2,5,5,May,May,2022-05,26,Thursday,4,Weekday
2022-05-27,2022,Q2,5,5,May,May,2022-05,27,Friday,5,Weekday
2022-05-28,2022,Q2,5,5,May,May,2022-05,28,Saturday,6,Weekend
2022-05-29,2022,Q2,5,5,May,May,2022-05,29,Sunday,7,Weekend
2022-05-30,2022,Q2,5,5,May,May,2022-05,30,Monday,1,Weekday
2022-05-31,2022,Q2,5,5,May,May,2022-05,31,Tuesday,2,Weekday
2022-06-01,2022,Q2,6,6,June,Jun,2022-06,1,Wednesday,3,Weekday
2022-06-02,2022,Q2,6,6,June,Jun,2022-06,2,Thursday,4,Weekday
2022-06-03,2022,Q2,6,6,June,Jun,2022-06,3,Friday,5,Weekday
2022-06-04,2022,Q2,6,6,June,Jun,2022-06,4,Saturday,6,Weekend
2022-06-05,2022,Q2,6,6,June,Jun,2022-06,5,Sunday,7,Weekend
2022-06-06,2022,Q2,6,6,June,Jun,2022-06,6,Monday,1,Weekday
2022-06-07,2022,Q2,6,6,June,Jun,2022-06,7,Tuesday,2,Weekday
2022-06-08,2022,Q2,6,6,June,Jun,2022-06,8,Wednesday,3,Weekday
2022-06-09,2022,Q2,6,6,June,Jun,2022-06,9,Thursday,4,Weekday
2022-06-10,2022,Q2,6,6,June,Jun,2022-06,10,Friday,5,Weekday
2022-06-11,2022,Q2,6,6,June,Jun,2022-06,11,Saturday,6,Weekend
2022-06-12,2022,Q2,6,6,June,Jun,2022-06,12,Sunday,7,Weekend
2022-06-13,2022,Q2,6,6,June,Jun,2022-06,13,Monday,1,Weekday
2022-06-14,2022,Q2,6,6,June,Jun,2022-06,14,Tuesday,2,Weekday
2022-06-15,2022,Q2,6,6,June,Jun,2022-06,15,Wednesday,3,Weekday
2022-06-16,2022,Q2,6,6,June,Jun,2022-06,16,Thursday,4,Weekday
2022-06-17,2022,Q2,6,6,June,Jun,2022-06,17,Friday,5,Weekday
2022-06-18,2022,Q2,6,6,June,Jun,2022-06,18,Saturday,6,Weekend
2022-06-19,2022,Q2,6,6,June,Jun,2022-06,19,Sunday,7,Weekend
2022-06-20,2022,Q2,6,6,June,Jun,2022-06,20,Monday,1,Weekday
2022-06-21,2022,Q2,6,6,June,Jun,2022-06,21,Tuesday,2,Weekday
2022-06-22,2022,Q2,6,6,June,Jun,2022-06,22,Wednesday,3,Weekday
2022-06-23,2022,Q2,6,6,June,Jun,2022-06,23,Thursday,4,Weekday
2022-06-24,2022,Q2,6,6,June,Jun,2022-06,24,Friday,5,Weekday
2022-06-25,2022,Q2,6,6,June,Jun,2022-06,25,Saturday,6,Weekend
2022-06-26,2022,Q2,6,6,June,Jun,2022-06,26,Sunday,7,Weekend
2022-06-27,2022,Q2,6,6,June,Jun,2022-06,27,Monday,1,Weekday
2022-06-28,2022,Q2,6,6,June,Jun,2022-06,28,Tuesday,2,Weekday
2022-06-29,2022,Q2,6,6,June,Jun,2022-06,29,Wednesday,3,Weekday
2022-06-30,2022,Q2,6,6,June,Jun,2022-06,30,Thursday,4,Weekday
2022-07-01,2022,Q3,7,7,July,Jul,2022-07,1,Friday,5,Weekday
2022-07-02,2022,Q3,7,7,July,Jul,2022-07,2,Saturday,6,Weekend
2022-07-03,2022,Q3,7,7,July,Jul,2022-07,3,Sunday,7,Weekend
2022-07-04,2022,Q3,7,7,July,Jul,2022-07,4,Monday,1,Weekday
2022-07-05,2022,Q3,7,7,July,Jul,2022-07,5,Tuesday,2,Weekday
2022-07-06,2022,Q3,7,7,July,Jul,2022-07,6,Wednesday,3,Weekday
2022-07-07,2022,Q3,7,7,July,Jul,2022-07,7,Thursday,4,Weekday
2022-07-08,2022,Q3,7,7,July,Jul,2022-07,8,Friday,5,Weekday
2022-07-09,2022,Q3,7,7,July,Jul,2022-07,9,Saturday,6,Weekend
2022-07-10,2022,Q3,7,7,July,Jul,2022-07,10,Sunday,7,Weekend
2022-07-11,2022,Q3,7,7,July,Jul,2022-07,11,Monday,1,Weekday
2022-07-12,2022,Q3,7,7,July,Jul,2022-07,12,Tuesday,2,Weekday
2022-07-13,2022,Q3,7,7,July,Jul,2022-07,13,Wednesday,3,Weekday
2022-07-14,2022,Q3,7,7,July,Jul,2022-07,14,Thursday,4,Weekday
2022-07-15,2022,Q3,7,7,July,Jul,2022-07,15,Friday,5,Weekday
2022-07-16,2022,Q3,7,7,July,Jul,2022-07,16,Saturday,6,Weekend
2022-07-17,2022,Q3,7,7,July,Jul,2022-07,17,Sunday,7,Weekend
2022-07-18,2022,Q3,7,7,July,Jul,2022-07,18,Monday,1,Weekday
2022-07-19,2022,Q3,7,7,July,Jul,2022-07,19,Tuesday,2,Weekday
2022-07-20,2022,Q3,7,7,July,Jul,2022-07,20,Wednesday,3,Weekday
2022-07-21,2022,Q3,7,7,July,Jul,2022-07,21,Thursday,4,Weekday
2022-07-22,2022,Q3,7,7,July,Jul,2022-07,22,Friday,5,Weekday
2022-07-23,2022,Q3,7,7,July,Jul,2022-07,23,Saturday,6,Weekend
2022-07-24,2022,Q3,7,7,July,Jul,2022-07,24,Sunday,7,Weekend
2022-07-25,2022,Q3,7,7,July,Jul,2022-07,25,Monday,1,Weekday
2022-07-26,2022,Q3,7,7,July,Jul,2022-07,26,Tuesday,2,Weekday
2022-07-27,2022,Q3,7,7,July,Jul,2022-07,27,Wednesday,3,Weekday
2022-07-28,2022,Q3,7,7,July,Jul,2022-07,28,Thursday,4,Weekday
2022-07-29,2022,Q3,7,7,July,Jul,2022-07,29,Friday,5,Weekday
2022-07-30,2022,Q3,7,7,July,Jul,2022-07,30,Saturday,6,Weekend
2022-07-31,2022,Q3,7,7,July,Jul,2022-07,31,Sunday,7,Weekend
2022-08-01,2022,Q3,8,8,August,Aug,2022-08,1,Monday,1,Weekday
2022-08-02,2022,Q3,8,8,August,Aug,2022-08,2,Tuesday,2,Weekday
2022-08-03,2022,Q3,8,8,August,Aug,2022-08,3,Wednesday,3,Weekday
2022-08-04,2022,Q3,8,8,August,Aug,2022-08,4,Thursday,4,Weekday
2022-08-05,2022,Q3,8,8,August,Aug,2022-08,5,Friday,5,Weekday
2022-08-06,2022,Q3,8,8,August,Aug,2022-08,6,Saturday,6,Weekend
2022-08-07,2022,Q3,8,8,August,Aug,2022-08,7,Sunday,7,Weekend
2022-08-08,2022,Q3,8,8,August,Aug,2022-08,8,Monday,1,Weekday
2022-08-09,2022,Q3,8,8,August,Aug,2022-08,9,Tuesday,2,Weekday
2022-08-10,2022,Q3,8,8,August,Aug,2022-08,10,Wednesday,3,Weekday
2022-08-11,2022,Q3,8,8,August,Aug,2022-08,11,Thursday,4,Weekday
2022-08-12,2022,Q3,8,8,August,Aug,2022-08,12,Friday,5,Weekday
2022-08-13,2022,Q3,8,8,August,Aug,2022-08,13,Saturday,6,Weekend
2022-08-14,2022,Q3,8,8,August,Aug,2022-08,14,Sunday,7,Weekend
2022-08-15,2022,Q3,8,8,August,Aug,2022-08,15,Monday,1,Weekday
2022-08-16,2022,Q3,8,8,August,Aug,2022-08,16,Tuesday,2,Weekday
2022-08-17,2022,Q3,8,8,August,Aug,2022-08,17,Wednesday,3,Weekday
2022-08-18,2022,Q3,8,8,August,Aug,2022-08,18,Thursday,4,Weekday
2022-08-19,2022,Q3,8,8,August,Aug,2022-08,19,Friday,5,Weekday
2022-08-20,2022,Q3,8,8,August,Aug,2022-08,20,Saturday,6,Weekend
2022-08-21,2022,Q3,8,8,August,Aug,2022-08,21,Sunday,7,Weekend
2022-08-22,2022,Q3,8,8,August,Aug,2022-08,22,Monday,1,Weekday
2022-08-23,2022,Q3,8,8,August,Aug,2022-08,23,Tuesday,2,Weekday
2022-08-24,2022,Q3,8,8,August,Aug,2022-08,24,Wednesday,3,Weekday
2022-08-25,2022,Q3,8,8,August,Aug,2022-08,25,Thursday,4,Weekday
2022-08-26,2022,Q3,8,8,August,Aug,2022-08,26,Friday,5,Weekday
2022-08-27,2022,Q3,8,8,August,Aug,2022-08,27,Saturday,6,Weekend
2022-08-28,2022,Q3,8,8,August,Aug,2022-08,28,Sunday,7,Weekend
2022-08-29,2022,Q3,8,8,August,Aug,2022-08,29,Monday,1,Weekday
2022-08-30,2022,Q3,8,8,August,Aug,2022-08,30,Tuesday,2,Weekday
2022-08-31,2022,Q3,8,8,August,Aug,2022-08,31,Wednesday,3,Weekday
2022-09-01,2022,Q3,9,9,September,Sep,2022-09,1,Thursday,4,Weekday
2022-09-02,2022,Q3,9,9,September,Sep,2022-09,2,Friday,5,Weekday
2022-09-03,2022,Q3,9,9,September,Sep,2022-09,3,Saturday,6,Weekend
2022-09-04,2022,Q3,9,9,September,Sep,2022-09,4,Sunday,7,Weekend
2022-09-05,2022,Q3,9,9,September,Sep,2022-09,5,Monday,1,Weekday
2022-09-06,2022,Q3,9,9,September,Sep,2022-09,6,Tuesday,2,Weekday
2022-09-07,2022,Q3,9,9,September,Sep,2022-09,7,Wednesday,3,Weekday
2022-09-08,2022,Q3,9,9,September,Sep,2022-09,8,Thursday,4,Weekday
2022-09-09,2022,Q3,9,9,September,Sep,2022-09,9,Friday,5,Weekday
2022-09-10,2022,Q3,9,9,September,Sep,2022-09,10,Saturday,6,Weekend
2022-09-11,2022,Q3,9,9,September,Sep,2022-09,11,Sunday,7,Weekend
2022-09-12,2022,Q3,9,9,September,Sep,2022-09,12,Monday,1,Weekday
2022-09-13,2022,Q3,9,9,September,Sep,2022-09,13,Tuesday,2,Weekday
2022-09-14,2022,Q3,9,9,September,Sep,2022-09,14,Wednesday,3,Weekday
2022-09-15,2022,Q3,9,9,September,Sep,2022-09,15,Thursday,4,Weekday
2022-09-16,2022,Q3,9,9,September,Sep,2022-09,16,Friday,5,Weekday
2022-09-17,2022,Q3,9,9,September,Sep,2022-09,17,Saturday,6,Weekend
2022-09-18,2022,Q3,9,9,September,Sep,2022-09,18,Sunday,7,Weekend
2022-09-19,2022,Q3,9,9,September,Sep,2022-09,19,Monday,1,Weekday
2022-09-20,2022,Q3,9,9,September,Sep,2022-09,20,Tuesday,2,Weekday
2022-09-21,2022,Q3,9,9,September,Sep,2022-09,21,Wednesday,3,Weekday
2022-09-22,2022,Q3,9,9,September,Sep,2022-09,22,Thursday,4,Weekday
2022-09-23,2022,Q3,9,9,September,Sep,2022-09,23,Friday,5,Weekday
2022-09-24,2022,Q3,9,9,September,Sep,2022-09,24,Saturday,6,Weekend
2022-09-25,2022,Q3,9,9,September,Sep,2022-09,25,Sunday,7,Weekend
2022-09-26,2022,Q3,9,9,September,Sep,2022-09,26,Monday,1,Weekday
2022-09-27,2022,Q3,9,9,September,Sep,2022-09,27,Tuesday,2,Weekday
2022-09-28,2022,Q3,9,9,September,Sep,2022-09,28,Wednesday,3,Weekday
2022-09-29,2022,Q3,9,9,September,Sep,2022-09,29,Thursday,4,Weekday
2022-09-30,2022,Q3,9,9,September,Sep,2022-09,30,Friday,5,Weekday
2022-10-01,2022,Q4,10,10,October,Oct,2022-10,1,Saturday,6,Weekend
2022-10-02,2022,Q4,10,10,October,Oct,2022-10,2,Sunday,7,Weekend
2022-10-03,2022,Q4,10,10,October,Oct,2022-10,3,Monday,1,Weekday
2022-10-04,2022,Q4,10,10,October,Oct,2022-10,4,Tuesday,2,Weekday
2022-10-05,2022,Q4,10,10,October,Oct,2022-10,5,Wednesday,3,Weekday
2022-10-06,2022,Q4,10,10,October,Oct,2022-10,6,Thursday,4,Weekday
2022-10-07,2022,Q4,10,10,October,Oct,2022-10,7,Friday,5,Weekday
2022-10-08,2022,Q4,10,10,October,Oct,2022-10,8,Saturday,6,Weekend
2022-10-09,2022,Q4,10,10,October,Oct,2022-10,9,Sunday,7,Weekend
2022-10-10,2022,Q4,10,10,October,Oct,2022-10,10,Monday,1,Weekday
2022-10-11,2022,Q4,10,10,October,Oct,2022-10,11,Tuesday,2,Weekday
2022-10-12,2022,Q4,10,10,October,Oct,2022-10,12,Wednesday,3,Weekday
2022-10-13,2022,Q4,10,10,October,Oct,2022-10,13,Thursday,4,Weekday
2022-10-14,2022,Q4,10,10,October,Oct,2022-10,14,Friday,5,Weekday
2022-10-15,2022,Q4,10,10,October,Oct,2022-10,15,Saturday,6,Weekend
2022-10-16,2022,Q4,10,10,October,Oct,2022-10,16,Sunday,7,Weekend
2022-10-17,2022,Q4,10,10,October,Oct,2022-10,17,Monday,1,Weekday
2022-10-18,2022,Q4,10,10,October,Oct,2022-10,18,Tuesday,2,Weekday
2022-10-19,2022,Q4,10,10,October,Oct,2022-10,19,Wednesday,3,Weekday
2022-10-20,2022,Q4,10,10,October,Oct,2022-10,20,Thursday,4,Weekday
2022-10-21,2022,Q4,10,10,October,Oct,2022-10,21,Friday,5,Weekday
2022-10-22,2022,Q4,10,10,October,Oct,2022-10,22,Saturday,6,Weekend
2022-10-23,2022,Q4,10,10,October,Oct,2022-10,23,Sunday,7,Weekend
2022-10-24,2022,Q4,10,10,October,Oct,2022-10,24,Monday,1,Weekday
2022-10-25,2022,Q4,10,10,October,Oct,2022-10,25,Tuesday,2,Weekday
2022-10-26,2022,Q4,10,10,October,Oct,2022-10,26,Wednesday,3,Weekday
2022-10-27,2022,Q4,10,10,October,Oct,2022-10,27,Thursday,4,Weekday
2022-10-28,2022,Q4,10,10,October,Oct,2022-10,28,Friday,5,Weekday
2022-10-29,2022,Q4,10,10,October,Oct,2022-10,29,Saturday,6,Weekend
2022-10-30,2022,Q4,10,10,October,Oct,2022-10,30,Sunday,7,Weekend
2022-10-31,2022,Q4,10,10,October,Oct,2022-10,31,Monday,1,Weekday
2022-11-01,2022,Q4,11,11,November,Nov,2022-11,1,Tuesday,2,Weekday
2022-11-02,2022,Q4,11,11,November,Nov,2022-11,2,Wednesday,3,Weekday
2022-11-03,2022,Q4,11,11,November,Nov,2022-11,3,Thursday,4,Weekday
2022-11-04,2022,Q4,11,11,November,Nov,2022-11,4,Friday,5,Weekday
2022-11-05,2022,Q4,11,11,November,Nov,2022-11,5,Saturday,6,Weekend
2022-11-06,2022,Q4,11,11,November,Nov,2022-11,6,Sunday,7,Weekend
2022-11-07,2022,Q4,11,11,November,Nov,2022-11,7,Monday,1,Weekday
2022-11-08,2022,Q4,11,11,November,Nov,2022-11,8,Tuesday,2,Weekday
2022-11-09,2022,Q4,11,11,November,Nov,2022-11,9,Wednesday,3,Weekday
2022-11-10,2022,Q4,11,11,November,Nov,2022-11,10,Thursday,4,Weekday
2022-11-11,2022,Q4,11,11,November,Nov,2022-11,11,Friday,5,Weekday
2022-11-12,2022,Q4,11,11,November,Nov,2022-11,12,Saturday,6,Weekend
2022-11-13,2022,Q4,11,11,November,Nov,2022-11,13,Sunday,7,Weekend
2022-11-14,2022,Q4,11,11,November,Nov,2022-11,14,Monday,1,Weekday
2022-11-15,2022,Q4,11,11,November,Nov,2022-11,15,Tuesday,2,Weekday
2022-11-16,2022,Q4,11,11,November,Nov,2022-11,16,Wednesday,3,Weekday
2022-11-17,2022,Q4,11,11,November,Nov,2022-11,17,Thursday,4,Weekday
2022-11-18,2022,Q4,11,11,November,Nov,2022-11,18,Friday,5,Weekday
2022-11-19,2022,Q4,11,11,November,Nov,2022-11,19,Saturday,6,Weekend
2022-11-20,2022,Q4,11,11,November,Nov,2022-11,20,Sunday,7,Weekend
2022-11-21,2022,Q4,11,11,November,Nov,2022-11,21,Monday,1,Weekday
2022-11-22,2022,Q4,11,11,November,Nov,2022-11,22,Tuesday,2,Weekday
2022-11-23,2022,Q4,11,11,November,Nov,2022-11,23,Wednesday,3,Weekday
2022-11-24,2022,Q4,11,11,November,Nov,2022-11,24,Thursday,4,Weekday
2022-11-25,2022,Q4,11,11,November,Nov,2022-11,25,Friday,5,Weekday
2022-11-26,2022,Q4,11,11,November,Nov,2022-11,26,Saturday,6,Weekend
2022-11-27,2022,Q4,11,11,November,Nov,2022-11,27,Sunday,7,Weekend
2022-11-28,2022,Q4,11,11,November,Nov,2022-11,28,Monday,1,Weekday
2022-11-29,2022,Q4,11,11,November,Nov,2022-11,29,Tuesday,2,Weekday
2022-11-30,2022,Q4,11,11,November,Nov,2022-11,30,Wednesday,3,Weekday
2022-12-01,2022,Q4,12,12,December,Dec,2022-12,1,Thursday,4,Weekday
2022-12-02,2022,Q4,12,12,December,Dec,2022-12,2,Friday,5,Weekday
2022-12-03,2022,Q4,12,12,December,Dec,2022-12,3,Saturday,6,Weekend
2022-12-04,2022,Q4,12,12,December,Dec,2022-12,4,Sunday,7,Weekend
2022-12-05,2022,Q4,12,12,December,Dec,2022-12,5,Monday,1,Weekday
2022-12-06,2022,Q4,12,12,December,Dec,2022-12,6,Tuesday,2,Weekday
2022-12-07,2022,Q4,12,12,December,Dec,2022-12,7,Wednesday,3,Weekday
2022-12-08,2022,Q4,12,12,December,Dec,2022-12,8,Thursday,4,Weekday
2022-12-09,2022,Q4,12,12,December,Dec,2022-12,9,Friday,5,Weekday
2022-12-10,2022,Q4,12,12,December,Dec,2022-12,10,Saturday,6,Weekend
2022-12-11,2022,Q4,12,12,December,Dec,2022-12,11,Sunday,7,Weekend
2022-12-12,2022,Q4,12,12,December,Dec,2022-12,12,Monday,1,Weekday
2022-12-13,2022,Q4,12,12,December,Dec,2022-12,13,Tuesday,2,Weekday
2022-12-14,2022,Q4,12,12,December,Dec,2022-12,14,Wednesday,3,Weekday
2022-12-15,2022,Q4,12,12,December,Dec,2022-12,15,Thursday,4,Weekday
2022-12-16,2022,Q4,12,12,December,Dec,2022-12,16,Friday,5,Weekday
2022-12-17,2022,Q4,12,12,December,Dec,2022-12,17,Saturday,6,Weekend
2022-12-18,2022,Q4,12,12,December,Dec,2022-12,18,Sunday,7,Weekend
2022-12-19,2022,Q4,12,12,December,Dec,2022-12,19,Monday,1,Weekday
2022-12-20,2022,Q4,12,12,December,Dec,2022-12,20,Tuesday,2,Weekday
2022-12-21,2022,Q4,12,12,December,Dec,2022-12,21,Wednesday,3,Weekday
2022-12-22,2022,Q4,12,12,December,Dec,2022-12,22,Thursday,4,Weekday
2022-12-23,2022,Q4,12,12,December,Dec,2022-12,23,Friday,5,Weekday
2022-12-24,2022,Q4,12,12,December,Dec,2022-12,24,Saturday,6,Weekend
2022-12-25,2022,Q4,12,12,December,Dec,2022-12,25,Sunday,7,Weekend
2022-12-26,2022,Q4,12,12,December,Dec,2022-12,26,Monday,1,Weekday
2022-12-27,2022,Q4,12,12,December,Dec,2022-12,27,Tuesday,2,Weekday
2022-12-28,2022,Q4,12,12,December,Dec,2022-12,28,Wednesday,3,Weekday
2022-12-29,2022,Q4,12,12,December,Dec,2022-12,29,Thursday,4,Weekday
2022-12-30,2022,Q4,12,12,December,Dec,2022-12,30,Friday,5,Weekday
2022-12-31,2022,Q4,12,12,December,Dec,2022-12,31,Saturday,6,Weekend
2023-01-01,2023,Q1,1,1,January,Jan,2023-01,1,Sunday,7,Weekend
2023-01-02,2023,Q1,1,1,January,Jan,2023-01,2,Monday,1,Weekday
2023-01-03,2023,Q1,1,1,January,Jan,2023-01,3,Tuesday,2,Weekday
2023-01-04,2023,Q1,1,1,January,Jan,2023-01,4,Wednesday,3,Weekday
2023-01-05,2023,Q1,1,1,January,Jan,2023-01,5,Thursday,4,Weekday
2023-01-06,2023,Q1,1,1,January,Jan,2023-01,6,Friday,5,Weekday
2023-01-07,2023,Q1,1,1,January,Jan,2023-01,7,Saturday,6,Weekend
2023-01-08,2023,Q1,1,1,January,Jan,2023-01,8,Sunday,7,Weekend
2023-01-09,2023,Q1,1,1,January,Jan,2023-01,9,Monday,1,Weekday
2023-01-10,2023,Q1,1,1,January,Jan,2023-01,10,Tuesday,2,Weekday
2023-01-11,2023,Q1,1,1,January,Jan,2023-01,11,Wednesday,3,Weekday
2023-01-12,2023,Q1,1,1,January,Jan,2023-01,12,Thursday,4,Weekday
2023-01-13,2023,Q1,1,1,January,Jan,2023-01,13,Friday,5,Weekday
2023-01-14,2023,Q1,1,1,January,Jan,2023-01,14,Saturday,6,Weekend
2023-01-15,2023,Q1,1,1,January,Jan,2023-01,15,Sunday,7,Weekend
2023-01-16,2023,Q1,1,1,January,Jan,2023-01,16,Monday,1,Weekday
2023-01-17,2023,Q1,1,1,January,Jan,2023-01,17,Tuesday,2,Weekday
2023-01-18,2023,Q1,1,1,January,Jan,2023-01,18,Wednesday,3,Weekday
2023-01-19,2023,Q1,1,1,January,Jan,2023-01,19,Thursday,4,Weekday
2023-01-20,2023,Q1,1,1,January,Jan,2023-01,20,Friday,5,Weekday
2023-01-21,2023,Q1,1,1,January,Jan,2023-01,21,Saturday,6,Weekend
2023-01-22,2023,Q1,1,1,January,Jan,2023-01,22,Sunday,7,Weekend
2023-01-23,2023,Q1,1,1,January,Jan,2023-01,23,Monday,1,Weekday
2023-01-24,2023,Q1,1,1,January,Jan,2023-01,24,Tuesday,2,Weekday
2023-01-25,2023,Q1,1,1,January,Jan,2023-01,25,Wednesday,3,Weekday
2023-01-26,2023,Q1,1,1,January,Jan,2023-01,26,Thursday,4,Weekday
2023-01-27,2023,Q1,1,1,January,Jan,2023-01,27,Friday,5,Weekday
2023-01-28,2023,Q1,1,1,January,Jan,2023-01,28,Saturday,6,Weekend
2023-01-29,2023,Q1,1,1,January,Jan,2023-01,29,Sunday,7,Weekend
2023-01-30,2023,Q1,1,1,January,Jan,2023-01,30,Monday,1,Weekday
2023-01-31,2023,Q1,1,1,January,Jan,2023-01,31,Tuesday,2,Weekday
2023-02-01,2023,Q1,2,2,February,Feb,2023-02,1,Wednesday,3,Weekday
2023-02-02,2023,Q1,2,2,February,Feb,2023-02,2,Thursday,4,Weekday
2023-02-03,2023,Q1,2,2,February,Feb,2023-02,3,Friday,5,Weekday
2023-02-04,2023,Q1,2,2,February,Feb,2023-02,4,Saturday,6,Weekend
2023-02-05,2023,Q1,2,2,February,Feb,2023-02,5,Sunday,7,Weekend
2023-02-06,2023,Q1,2,2,February,Feb,2023-02,6,Monday,1,Weekday
2023-02-07,2023,Q1,2,2,February,Feb,2023-02,7,Tuesday,2,Weekday
2023-02-08,2023,Q1,2,2,February,Feb,2023-02,8,Wednesday,3,Weekday
2023-02-09,2023,Q1,2,2,February,Feb,2023-02,9,Thursday,4,Weekday
2023-02-10,2023,Q1,2,2,February,Feb,2023-02,10,Friday,5,Weekday
2023-02-11,2023,Q1,2,2,February,Feb,2023-02,11,Saturday,6,Weekend
2023-02-12,2023,Q1,2,2,February,Feb,2023-02,12,Sunday,7,Weekend
2023-02-13,2023,Q1,2,2,February,Feb,2023-02,13,Monday,1,Weekday
2023-02-14,2023,Q1,2,2,February,Feb,2023-02,14,Tuesday,2,Weekday
2023-02-15,2023,Q1,2,2,February,Feb,2023-02,15,Wednesday,3,Weekday
2023-02-16,2023,Q1,2,2,February,Feb,2023-02,16,Thursday,4,Weekday
2023-02-17,2023,Q1,2,2,February,Feb,2023-02,17,Friday,5,Weekday
2023-02-18,2023,Q1,2,2,February,Feb,2023-02,18,Saturday,6,Weekend
2023-02-19,2023,Q1,2,2,February,Feb,2023-02,19,Sunday,7,Weekend
2023-02-20,2023,Q1,2,2,February,Feb,2023-02,20,Monday,1,Weekday
2023-02-21,2023,Q1,2,2,February,Feb,2023-02,21,Tuesday,2,Weekday
2023-02-22,2023,Q1,2,2,February,Feb,2023-02,22,Wednesday,3,Weekday
2023-02-23,2023,Q1,2,2,February,Feb,2023-02,23,Thursday,4,Weekday
2023-02-24,2023,Q1,2,2,February,Feb,2023-02,24,Friday,5,Weekday
2023-02-25,2023,Q1,2,2,February,Feb,2023-02,25,Saturday,6,Weekend
2023-02-26,2023,Q1,2,2,February,Feb,2023-02,26,Sunday,7,Weekend
2023-02-27,2023,Q1,2,2,February,Feb,2023-02,27,Monday,1,Weekday
2023-02-28,2023,Q1,2,2,February,Feb,2023-02,28,Tuesday,2,Weekday
2023-03-01,2023,Q1,3,3,March,Mar,2023-03,1,Wednesday,3,Weekday
2023-03-02,2023,Q1,3,3,March,Mar,2023-03,2,Thursday,4,Weekday
2023-03-03,2023,Q1,3,3,March,Mar,2023-03,3,Friday,5,Weekday
2023-03-04,2023,Q1,3,3,March,Mar,2023-03,4,Saturday,6,Weekend
2023-03-05,2023,Q1,3,3,March,Mar,2023-03,5,Sunday,7,Weekend
2023-03-06,2023,Q1,3,3,March,Mar,2023-03,6,Monday,1,Weekday
2023-03-07,2023,Q1,3,3,March,Mar,2023-03,7,Tuesday,2,Weekday
2023-03-08,2023,Q1,3,3,March,Mar,2023-03,8,Wednesday,3,Weekday
2023-03-09,2023,Q1,3,3,March,Mar,2023-03,9,Thursday,4,Weekday
2023-03-10,2023,Q1,3,3,March,Mar,2023-03,10,Friday,5,Weekday
2023-03-11,2023,Q1,3,3,March,Mar,2023-03,11,Saturday,6,Weekend
2023-03-12,2023,Q1,3,3,March,Mar,2023-03,12,Sunday,7,Weekend
2023-03-13,2023,Q1,3,3,March,Mar,2023-03,13,Monday,1,Weekday
2023-03-14,2023,Q1,3,3,March,Mar,2023-03,14,Tuesday,2,Weekday
2023-03-15,2023,Q1,3,3,March,Mar,2023-03,15,Wednesday,3,Weekday
2023-03-16,2023,Q1,3,3,March,Mar,2023-03,16,Thursday,4,Weekday
2023-03-17,2023,Q1,3,3,March,Mar,2023-03,17,Friday,5,Weekday
2023-03-18,2023,Q1,3,3,March,Mar,2023-03,18,Saturday,6,Weekend
2023-03-19,2023,Q1,3,3,March,Mar,2023-03,19,Sunday,7,Weekend
2023-03-20,2023,Q1,3,3,March,Mar,2023-03,20,Monday,1,Weekday
2023-03-21,2023,Q1,3,3,March,Mar,2023-03,21,Tuesday,2,Weekday
2023-03-22,2023,Q1,3,3,March,Mar,2023-03,22,Wednesday,3,Weekday
2023-03-23,2023,Q1,3,3,March,Mar,2023-03,23,Thursday,4,Weekday
2023-03-24,2023,Q1,3,3,March,Mar,2023-03,24,Friday,5,Weekday
2023-03-25,2023,Q1,3,3,March,Mar,2023-03,25,Saturday,6,Weekend
2023-03-26,2023,Q1,3,3,March,Mar,2023-03,26,Sunday,7,Weekend
2023-03-27,2023,Q1,3,3,March,Mar,2023-03,27,Monday,1,Weekday
2023-03-28,2023,Q1,3,3,March,Mar,2023-03,28,Tuesday,2,Weekday
2023-03-29,2023,Q1,3,3,March,Mar,2023-03,29,Wednesday,3,Weekday
2023-03-30,2023,Q1,3,3,March,Mar,2023-03,30,Thursday,4,Weekday
2023-03-31,2023,Q1,3,3,March,Mar,2023-03,31,Friday,5,Weekday
2023-04-01,2023,Q2,4,4,April,Apr,2023-04,1,Saturday,6,Weekend
2023-04-02,2023,Q2,4,4,April,Apr,2023-04,2,Sunday,7,Weekend
2023-04-03,2023,Q2,4,4,April,Apr,2023-04,3,Monday,1,Weekday
2023-04-04,2023,Q2,4,4,April,Apr,2023-04,4,Tuesday,2,Weekday
2023-04-05,2023,Q2,4,4,April,Apr,2023-04,5,Wednesday,3,Weekday
2023-04-06,2023,Q2,4,4,April,Apr,2023-04,6,Thursday,4,Weekday
2023-04-07,2023,Q2,4,4,April,Apr,2023-04,7,Friday,5,Weekday
2023-04-08,2023,Q2,4,4,April,Apr,2023-04,8,Saturday,6,Weekend
2023-04-09,2023,Q2,4,4,April,Apr,2023-04,9,Sunday,7,Weekend
2023-04-10,2023,Q2,4,4,April,Apr,2023-04,10,Monday,1,Weekday
2023-04-11,2023,Q2,4,4,April,Apr,2023-04,11,Tuesday,2,Weekday
2023-04-12,2023,Q2,4,4,April,Apr,2023-04,12,Wednesday,3,Weekday
2023-04-13,2023,Q2,4,4,April,Apr,2023-04,13,Thursday,4,Weekday
2023-04-14,2023,Q2,4,4,April,Apr,2023-04,14,Friday,5,Weekday
2023-04-15,2023,Q2,4,4,April,Apr,2023-04,15,Saturday,6,Weekend
2023-04-16,2023,Q2,4,4,April,Apr,2023-04,16,Sunday,7,Weekend
2023-04-17,2023,Q2,4,4,April,Apr,2023-04,17,Monday,1,Weekday
2023-04-18,2023,Q2,4,4,April,Apr,2023-04,18,Tuesday,2,Weekday
2023-04-19,2023,Q2,4,4,April,Apr,2023-04,19,Wednesday,3,Weekday
2023-04-20,2023,Q2,4,4,April,Apr,2023-04,20,Thursday,4,Weekday
2023-04-21,2023,Q2,4,4,April,Apr,2023-04,21,Friday,5,Weekday
2023-04-22,2023,Q2,4,4,April,Apr,2023-04,22,Saturday,6,Weekend
2023-04-23,2023,Q2,4,4,April,Apr,2023-04,23,Sunday,7,Weekend
2023-04-24,2023,Q2,4,4,April,Apr,2023-04,24,Monday,1,Weekday
2023-04-25,2023,Q2,4,4,April,Apr,2023-04,25,Tuesday,2,Weekday
2023-04-26,2023,Q2,4,4,April,Apr,2023-04,26,Wednesday,3,Weekday
2023-04-27,2023,Q2,4,4,April,Apr,2023-04,27,Thursday,4,Weekday
2023-04-28,2023,Q2,4,4,April,Apr,2023-04,28,Friday,5,Weekday
2023-04-29,2023,Q2,4,4,April,Apr,2023-04,29,Saturday,6,Weekend
2023-04-30,2023,Q2,4,4,April,Apr,2023-04,30,Sunday,7,Weekend
2023-05-01,2023,Q2,5,5,May,May,2023-05,1,Monday,1,Weekday
2023-05-02,2023,Q2,5,5,May,May,2023-05,2,Tuesday,2,Weekday
2023-05-03,2023,Q2,5,5,May,May,2023-05,3,Wednesday,3,Weekday
2023-05-04,2023,Q2,5,5,May,May,2023-05,4,Thursday,4,Weekday
2023-05-05,2023,Q2,5,5,May,May,2023-05,5,Friday,5,Weekday
2023-05-06,2023,Q2,5,5,May,May,2023-05,6,Saturday,6,Weekend
2023-05-07,2023,Q2,5,5,May,May,2023-05,7,Sunday,7,Weekend
2023-05-08,2023,Q2,5,5,May,May,2023-05,8,Monday,1,Weekday
2023-05-09,2023,Q2,5,5,May,May,2023-05,9,Tuesday,2,Weekday
2023-05-10,2023,Q2,5,5,May,May,2023-05,10,Wednesday,3,Weekday
2023-05-11,2023,Q2,5,5,May,May,2023-05,11,Thursday,4,Weekday
2023-05-12,2023,Q2,5,5,May,May,2023-05,12,Friday,5,Weekday
2023-05-13,2023,Q2,5,5,May,May,2023-05,13,Saturday,6,Weekend
2023-05-14,2023,Q2,5,5,May,May,2023-05,14,Sunday,7,Weekend
2023-05-15,2023,Q2,5,5,May,May,2023-05,15,Monday,1,Weekday
2023-05-16,2023,Q2,5,5,May,May,2023-05,16,Tuesday,2,Weekday
2023-05-17,2023,Q2,5,5,May,May,2023-05,17,Wednesday,3,Weekday
2023-05-18,2023,Q2,5,5,May,May,2023-05,18,Thursday,4,Weekday
2023-05-19,2023,Q2,5,5,May,May,2023-05,19,Friday,5,Weekday
2023-05-20,2023,Q2,5,5,May,May,2023-05,20,Saturday,6,Weekend
2023-05-21,2023,Q2,5,5,May,May,2023-05,21,Sunday,7,Weekend
2023-05-22,2023,Q2,5,5,May,May,2023-05,22,Monday,1,Weekday
2023-05-23,2023,Q2,5,5,May,May,2023-05,23,Tuesday,2,Weekday
2023-05-24,2023,Q2,5,5,May,May,2023-05,24,Wednesday,3,Weekday
2023-05-25,2023,Q2,5,5,May,May,2023-05,25,Thursday,4,Weekday
2023-05-26,2023,Q2,5,5,May,May,2023-05,26,Friday,5,Weekday
2023-05-27,2023,Q2,5,5,May,May,2023-05,27,Saturday,6,Weekend
2023-05-28,2023,Q2,5,5,May,May,2023-05,28,Sunday,7,Weekend
2023-05-29,2023,Q2,5,5,May,May,2023-05,29,Monday,1,Weekday
2023-05-30,2023,Q2,5,5,May,May,2023-05,30,Tuesday,2,Weekday
2023-05-31,2023,Q2,5,5,May,May,2023-05,31,Wednesday,3,Weekday
2023-06-01,2023,Q2,6,6,June,Jun,2023-06,1,Thursday,4,Weekday
2023-06-02,2023,Q2,6,6,June,Jun,2023-06,2,Friday,5,Weekday
2023-06-03,2023,Q2,6,6,June,Jun,2023-06,3,Saturday,6,Weekend
2023-06-04,2023,Q2,6,6,June,Jun,2023-06,4,Sunday,7,Weekend
2023-06-05,2023,Q2,6,6,June,Jun,2023-06,5,Monday,1,Weekday
2023-06-06,2023,Q2,6,6,June,Jun,2023-06,6,Tuesday,2,Weekday
2023-06-07,2023,Q2,6,6,June,Jun,2023-06,7,Wednesday,3,Weekday
2023-06-08,2023,Q2,6,6,June,Jun,2023-06,8,Thursday,4,Weekday
2023-06-09,2023,Q2,6,6,June,Jun,2023-06,9,Friday,5,Weekday
2023-06-10,2023,Q2,6,6,June,Jun,2023-06,10,Saturday,6,Weekend
2023-06-11,2023,Q2,6,6,June,Jun,2023-06,11,Sunday,7,Weekend
2023-06-12,2023,Q2,6,6,June,Jun,2023-06,12,Monday,1,Weekday
2023-06-13,2023,Q2,6,6,June,Jun,2023-06,13,Tuesday,2,Weekday
2023-06-14,2023,Q2,6,6,June,Jun,2023-06,14,Wednesday,3,Weekday
2023-06-15,2023,Q2,6,6,June,Jun,2023-06,15,Thursday,4,Weekday
2023-06-16,2023,Q2,6,6,June,Jun,2023-06,16,Friday,5,Weekday
2023-06-17,2023,Q2,6,6,June,Jun,2023-06,17,Saturday,6,Weekend
2023-06-18,2023,Q2,6,6,June,Jun,2023-06,18,Sunday,7,Weekend
2023-06-19,2023,Q2,6,6,June,Jun,2023-06,19,Monday,1,Weekday
2023-06-20,2023,Q2,6,6,June,Jun,2023-06,20,Tuesday,2,Weekday
2023-06-21,2023,Q2,6,6,June,Jun,2023-06,21,Wednesday,3,Weekday
2023-06-22,2023,Q2,6,6,June,Jun,2023-06,22,Thursday,4,Weekday
2023-06-23,2023,Q2,6,6,June,Jun,2023-06,23,Friday,5,Weekday
2023-06-24,2023,Q2,6,6,June,Jun,2023-06,24,Saturday,6,Weekend
2023-06-25,2023,Q2,6,6,June,Jun,2023-06,25,Sunday,7,Weekend
2023-06-26,2023,Q2,6,6,June,Jun,2023-06,26,Monday,1,Weekday
2023-06-27,2023,Q2,6,6,June,Jun,2023-06,27,Tuesday,2,Weekday
2023-06-28,2023,Q2,6,6,June,Jun,2023-06,28,Wednesday,3,Weekday
2023-06-29,2023,Q2,6,6,June,Jun,2023-06,29,Thursday,4,Weekday
2023-06-30,2023,Q2,6,6,June,Jun,2023-06,30,Friday,5,Weekday
2023-07-01,2023,Q3,7,7,July,Jul,2023-07,1,Saturday,6,Weekend
2023-07-02,2023,Q3,7,7,July,Jul,2023-07,2,Sunday,7,Weekend
2023-07-03,2023,Q3,7,7,July,Jul,2023-07,3,Monday,1,Weekday
2023-07-04,2023,Q3,7,7,July,Jul,2023-07,4,Tuesday,2,Weekday
2023-07-05,2023,Q3,7,7,July,Jul,2023-07,5,Wednesday,3,Weekday
2023-07-06,2023,Q3,7,7,July,Jul,2023-07,6,Thursday,4,Weekday
2023-07-07,2023,Q3,7,7,July,Jul,2023-07,7,Friday,5,Weekday
2023-07-08,2023,Q3,7,7,July,Jul,2023-07,8,Saturday,6,Weekend
2023-07-09,2023,Q3,7,7,July,Jul,2023-07,9,Sunday,7,Weekend
2023-07-10,2023,Q3,7,7,July,Jul,2023-07,10,Monday,1,Weekday
2023-07-11,2023,Q3,7,7,July,Jul,2023-07,11,Tuesday,2,Weekday
2023-07-12,2023,Q3,7,7,July,Jul,2023-07,12,Wednesday,3,Weekday
2023-07-13,2023,Q3,7,7,July,Jul,2023-07,13,Thursday,4,Weekday
2023-07-14,2023,Q3,7,7,July,Jul,2023-07,14,Friday,5,Weekday
2023-07-15,2023,Q3,7,7,July,Jul,2023-07,15,Saturday,6,Weekend
2023-07-16,2023,Q3,7,7,July,Jul,2023-07,16,Sunday,7,Weekend
2023-07-17,2023,Q3,7,7,July,Jul,2023-07,17,Monday,1,Weekday
2023-07-18,2023,Q3,7,7,July,Jul,2023-07,18,Tuesday,2,Weekday
2023-07-19,2023,Q3,7,7,July,Jul,2023-07,19,Wednesday,3,Weekday
2023-07-20,2023,Q3,7,7,July,Jul,2023-07,20,Thursday,4,Weekday
2023-07-21,2023,Q3,7,7,July,Jul,2023-07,21,Friday,5,Weekday
2023-07-22,2023,Q3,7,7,July,Jul,2023-07,22,Saturday,6,Weekend
2023-07-23,2023,Q3,7,7,July,Jul,2023-07,23,Sunday,7,Weekend
2023-07-24,2023,Q3,7,7,July,Jul,2023-07,24,Monday,1,Weekday
2023-07-25,2023,Q3,7,7,July,Jul,2023-07,25,Tuesday,2,Weekday
2023-07-26,2023,Q3,7,7,July,Jul,2023-07,26,Wednesday,3,Weekday
2023-07-27,2023,Q3,7,7,July,Jul,2023-07,27,Thursday,4,Weekday
2023-07-28,2023,Q3,7,7,July,Jul,2023-07,28,Friday,5,Weekday
2023-07-29,2023,Q3,7,7,July,Jul,2023-07,29,Saturday,6,Weekend
2023-07-30,2023,Q3,7,7,July,Jul,2023-07,30,Sunday,7,Weekend
2023-07-31,2023,Q3,7,7,July,Jul,2023-07,31,Monday,1,Weekday
2023-08-01,2023,Q3,8,8,August,Aug,2023-08,1,Tuesday,2,Weekday
2023-08-02,2023,Q3,8,8,August,Aug,2023-08,2,Wednesday,3,Weekday
2023-08-03,2023,Q3,8,8,August,Aug,2023-08,3,Thursday,4,Weekday
2023-08-04,2023,Q3,8,8,August,Aug,2023-08,4,Friday,5,Weekday
2023-08-05,2023,Q3,8,8,August,Aug,2023-08,5,Saturday,6,Weekend
2023-08-06,2023,Q3,8,8,August,Aug,2023-08,6,Sunday,7,Weekend
2023-08-07,2023,Q3,8,8,August,Aug,2023-08,7,Monday,1,Weekday
2023-08-08,2023,Q3,8,8,August,Aug,2023-08,8,Tuesday,2,Weekday
2023-08-09,2023,Q3,8,8,August,Aug,2023-08,9,Wednesday,3,Weekday
2023-08-10,2023,Q3,8,8,August,Aug,2023-08,10,Thursday,4,Weekday
2023-08-11,2023,Q3,8,8,August,Aug,2023-08,11,Friday,5,Weekday
2023-08-12,2023,Q3,8,8,August,Aug,2023-08,12,Saturday,6,Weekend
2023-08-13,2023,Q3,8,8,August,Aug,2023-08,13,Sunday,7,Weekend
2023-08-14,2023,Q3,8,8,August,Aug,2023-08,14,Monday,1,Weekday
2023-08-15,2023,Q3,8,8,August,Aug,2023-08,15,Tuesday,2,Weekday
2023-08-16,2023,Q3,8,8,August,Aug,2023-08,16,Wednesday,3,Weekday
2023-08-17,2023,Q3,8,8,August,Aug,2023-08,17,Thursday,4,Weekday
2023-08-18,2023,Q3,8,8,August,Aug,2023-08,18,Friday,5,Weekday
2023-08-19,2023,Q3,8,8,August,Aug,2023-08,19,Saturday,6,Weekend
2023-08-20,2023,Q3,8,8,August,Aug,2023-08,20,Sunday,7,Weekend
2023-08-21,2023,Q3,8,8,August,Aug,2023-08,21,Monday,1,Weekday
2023-08-22,2023,Q3,8,8,August,Aug,2023-08,22,Tuesday,2,Weekday
2023-08-23,2023,Q3,8,8,August,Aug,2023-08,23,Wednesday,3,Weekday
2023-08-24,2023,Q3,8,8,August,Aug,2023-08,24,Thursday,4,Weekday
2023-08-25,2023,Q3,8,8,August,Aug,2023-08,25,Friday,5,Weekday
2023-08-26,2023,Q3,8,8,August,Aug,2023-08,26,Saturday,6,Weekend
2023-08-27,2023,Q3,8,8,August,Aug,2023-08,27,Sunday,7,Weekend
2023-08-28,2023,Q3,8,8,August,Aug,2023-08,28,Monday,1,Weekday
2023-08-29,2023,Q3,8,8,August,Aug,2023-08,29,Tuesday,2,Weekday
2023-08-30,2023,Q3,8,8,August,Aug,2023-08,30,Wednesday,3,Weekday
2023-08-31,2023,Q3,8,8,August,Aug,2023-08,31,Thursday,4,Weekday
2023-09-01,2023,Q3,9,9,September,Sep,2023-09,1,Friday,5,Weekday
2023-09-02,2023,Q3,9,9,September,Sep,2023-09,2,Saturday,6,Weekend
2023-09-03,2023,Q3,9,9,September,Sep,2023-09,3,Sunday,7,Weekend
2023-09-04,2023,Q3,9,9,September,Sep,2023-09,4,Monday,1,Weekday
2023-09-05,2023,Q3,9,9,September,Sep,2023-09,5,Tuesday,2,Weekday
2023-09-06,2023,Q3,9,9,September,Sep,2023-09,6,Wednesday,3,Weekday
2023-09-07,2023,Q3,9,9,September,Sep,2023-09,7,Thursday,4,Weekday
2023-09-08,2023,Q3,9,9,September,Sep,2023-09,8,Friday,5,Weekday
2023-09-09,2023,Q3,9,9,September,Sep,2023-09,9,Saturday,6,Weekend
2023-09-10,2023,Q3,9,9,September,Sep,2023-09,10,Sunday,7,Weekend
2023-09-11,2023,Q3,9,9,September,Sep,2023-09,11,Monday,1,Weekday
2023-09-12,2023,Q3,9,9,September,Sep,2023-09,12,Tuesday,2,Weekday
2023-09-13,2023,Q3,9,9,September,Sep,2023-09,13,Wednesday,3,Weekday
2023-09-14,2023,Q3,9,9,September,Sep,2023-09,14,Thursday,4,Weekday
2023-09-15,2023,Q3,9,9,September,Sep,2023-09,15,Friday,5,Weekday
2023-09-16,2023,Q3,9,9,September,Sep,2023-09,16,Saturday,6,Weekend
2023-09-17,2023,Q3,9,9,September,Sep,2023-09,17,Sunday,7,Weekend
2023-09-18,2023,Q3,9,9,September,Sep,2023-09,18,Monday,1,Weekday
2023-09-19,2023,Q3,9,9,September,Sep,2023-09,19,Tuesday,2,Weekday
2023-09-20,2023,Q3,9,9,September,Sep,2023-09,20,Wednesday,3,Weekday
2023-09-21,2023,Q3,9,9,September,Sep,2023-09,21,Thursday,4,Weekday
2023-09-22,2023,Q3,9,9,September,Sep,2023-09,22,Friday,5,Weekday
2023-09-23,2023,Q3,9,9,September,Sep,2023-09,23,Saturday,6,Weekend
2023-09-24,2023,Q3,9,9,September,Sep,2023-09,24,Sunday,7,Weekend
2023-09-25,2023,Q3,9,9,September,Sep,2023-09,25,Monday,1,Weekday
2023-09-26,2023,Q3,9,9,September,Sep,2023-09,26,Tuesday,2,Weekday
2023-09-27,2023,Q3,9,9,September,Sep,2023-09,27,Wednesday,3,Weekday
2023-09-28,2023,Q3,9,9,September,Sep,2023-09,28,Thursday,4,Weekday
2023-09-29,2023,Q3,9,9,September,Sep,2023-09,29,Friday,5,Weekday
2023-09-30,2023,Q3,9,9,September,Sep,2023-09,30,Saturday,6,Weekend
2023-10-01,2023,Q4,10,10,October,Oct,2023-10,1,Sunday,7,Weekend
2023-10-02,2023,Q4,10,10,October,Oct,2023-10,2,Monday,1,Weekday
2023-10-03,2023,Q4,10,10,October,Oct,2023-10,3,Tuesday,2,Weekday
2023-10-04,2023,Q4,10,10,October,Oct,2023-10,4,Wednesday,3,Weekday
2023-10-05,2023,Q4,10,10,October,Oct,2023-10,5,Thursday,4,Weekday
2023-10-06,2023,Q4,10,10,October,Oct,2023-10,6,Friday,5,Weekday
2023-10-07,2023,Q4,10,10,October,Oct,2023-10,7,Saturday,6,Weekend
2023-10-08,2023,Q4,10,10,October,Oct,2023-10,8,Sunday,7,Weekend
2023-10-09,2023,Q4,10,10,October,Oct,2023-10,9,Monday,1,Weekday
2023-10-10,2023,Q4,10,10,October,Oct,2023-10,10,Tuesday,2,Weekday
2023-10-11,2023,Q4,10,10,October,Oct,2023-10,11,Wednesday,3,Weekday
2023-10-12,2023,Q4,10,10,October,Oct,2023-10,12,Thursday,4,Weekday
2023-10-13,2023,Q4,10,10,October,Oct,2023-10,13,Friday,5,Weekday
2023-10-14,2023,Q4,10,10,October,Oct,2023-10,14,Saturday,6,Weekend
2023-10-15,2023,Q4,10,10,October,Oct,2023-10,15,Sunday,7,Weekend
2023-10-16,2023,Q4,10,10,October,Oct,2023-10,16,Monday,1,Weekday
2023-10-17,2023,Q4,10,10,October,Oct,2023-10,17,Tuesday,2,Weekday
2023-10-18,2023,Q4,10,10,October,Oct,2023-10,18,Wednesday,3,Weekday
2023-10-19,2023,Q4,10,10,October,Oct,2023-10,19,Thursday,4,Weekday
2023-10-20,2023,Q4,10,10,October,Oct,2023-10,20,Friday,5,Weekday
2023-10-21,2023,Q4,10,10,October,Oct,2023-10,21,Saturday,6,Weekend
2023-10-22,2023,Q4,10,10,October,Oct,2023-10,22,Sunday,7,Weekend
2023-10-23,2023,Q4,10,10,October,Oct,2023-10,23,Monday,1,Weekday
2023-10-24,2023,Q4,10,10,October,Oct,2023-10,24,Tuesday,2,Weekday
2023-10-25,2023,Q4,10,10,October,Oct,2023-10,25,Wednesday,3,Weekday
2023-10-26,2023,Q4,10,10,October,Oct,2023-10,26,Thursday,4,Weekday
2023-10-27,2023,Q4,10,10,October,Oct,2023-10,27,Friday,5,Weekday
2023-10-28,2023,Q4,10,10,October,Oct,2023-10,28,Saturday,6,Weekend
2023-10-29,2023,Q4,10,10,October,Oct,2023-10,29,Sunday,7,Weekend
2023-10-30,2023,Q4,10,10,October,Oct,2023-10,30,Monday,1,Weekday
2023-10-31,2023,Q4,10,10,October,Oct,2023-10,31,Tuesday,2,Weekday
2023-11-01,2023,Q4,11,11,November,Nov,2023-11,1,Wednesday,3,Weekday
2023-11-02,2023,Q4,11,11,November,Nov,2023-11,2,Thursday,4,Weekday
2023-11-03,2023,Q4,11,11,November,Nov,2023-11,3,Friday,5,Weekday
2023-11-04,2023,Q4,11,11,November,Nov,2023-11,4,Saturday,6,Weekend
2023-11-05,2023,Q4,11,11,November,Nov,2023-11,5,Sunday,7,Weekend
2023-11-06,2023,Q4,11,11,November,Nov,2023-11,6,Monday,1,Weekday
2023-11-07,2023,Q4,11,11,November,Nov,2023-11,7,Tuesday,2,Weekday
2023-11-08,2023,Q4,11,11,November,Nov,2023-11,8,Wednesday,3,Weekday
2023-11-09,2023,Q4,11,11,November,Nov,2023-11,9,Thursday,4,Weekday
2023-11-10,2023,Q4,11,11,November,Nov,2023-11,10,Friday,5,Weekday
2023-11-11,2023,Q4,11,11,November,Nov,2023-11,11,Saturday,6,Weekend
2023-11-12,2023,Q4,11,11,November,Nov,2023-11,12,Sunday,7,Weekend
2023-11-13,2023,Q4,11,11,November,Nov,2023-11,13,Monday,1,Weekday
2023-11-14,2023,Q4,11,11,November,Nov,2023-11,14,Tuesday,2,Weekday
2023-11-15,2023,Q4,11,11,November,Nov,2023-11,15,Wednesday,3,Weekday
2023-11-16,2023,Q4,11,11,November,Nov,2023-11,16,Thursday,4,Weekday
2023-11-17,2023,Q4,11,11,November,Nov,2023-11,17,Friday,5,Weekday
2023-11-18,2023,Q4,11,11,November,Nov,2023-11,18,Saturday,6,Weekend
2023-11-19,2023,Q4,11,11,November,Nov,2023-11,19,Sunday,7,Weekend
2023-11-20,2023,Q4,11,11,November,Nov,2023-11,20,Monday,1,Weekday
2023-11-21,2023,Q4,11,11,November,Nov,2023-11,21,Tuesday,2,Weekday
2023-11-22,2023,Q4,11,11,November,Nov,2023-11,22,Wednesday,3,Weekday
2023-11-23,2023,Q4,11,11,November,Nov,2023-11,23,Thursday,4,Weekday
2023-11-24,2023,Q4,11,11,November,Nov,2023-11,24,Friday,5,Weekday
2023-11-25,2023,Q4,11,11,November,Nov,2023-11,25,Saturday,6,Weekend
2023-11-26,2023,Q4,11,11,November,Nov,2023-11,26,Sunday,7,Weekend
2023-11-27,2023,Q4,11,11,November,Nov,2023-11,27,Monday,1,Weekday
2023-11-28,2023,Q4,11,11,November,Nov,2023-11,28,Tuesday,2,Weekday
2023-11-29,2023,Q4,11,11,November,Nov,2023-11,29,Wednesday,3,Weekday
2023-11-30,2023,Q4,11,11,November,Nov,2023-11,30,Thursday,4,Weekday
2023-12-01,2023,Q4,12,12,December,Dec,2023-12,1,Friday,5,Weekday
2023-12-02,2023,Q4,12,12,December,Dec,2023-12,2,Saturday,6,Weekend
2023-12-03,2023,Q4,12,12,December,Dec,2023-12,3,Sunday,7,Weekend
2023-12-04,2023,Q4,12,12,December,Dec,2023-12,4,Monday,1,Weekday
2023-12-05,2023,Q4,12,12,December,Dec,2023-12,5,Tuesday,2,Weekday
2023-12-06,2023,Q4,12,12,December,Dec,2023-12,6,Wednesday,3,Weekday
2023-12-07,2023,Q4,12,12,December,Dec,2023-12,7,Thursday,4,Weekday
2023-12-08,2023,Q4,12,12,December,Dec,2023-12,8,Friday,5,Weekday
2023-12-09,2023,Q4,12,12,December,Dec,2023-12,9,Saturday,6,Weekend
2023-12-10,2023,Q4,12,12,December,Dec,2023-12,10,Sunday,7,Weekend
2023-12-11,2023,Q4,12,12,December,Dec,2023-12,11,Monday,1,Weekday
2023-12-12,2023,Q4,12,12,December,Dec,2023-12,12,Tuesday,2,Weekday
2023-12-13,2023,Q4,12,12,December,Dec,2023-12,13,Wednesday,3,Weekday
2023-12-14,2023,Q4,12,12,December,Dec,2023-12,14,Thursday,4,Weekday
2023-12-15,2023,Q4,12,12,December,Dec,2023-12,15,Friday,5,Weekday
2023-12-16,2023,Q4,12,12,December,Dec,2023-12,16,Saturday,6,Weekend
2023-12-17,2023,Q4,12,12,December,Dec,2023-12,17,Sunday,7,Weekend
2023-12-18,2023,Q4,12,12,December,Dec,2023-12,18,Monday,1,Weekday
2023-12-19,2023,Q4,12,12,December,Dec,2023-12,19,Tuesday,2,Weekday
2023-12-20,2023,Q4,12,12,December,Dec,2023-12,20,Wednesday,3,Weekday
2023-12-21,2023,Q4,12,12,December,Dec,2023-12,21,Thursday,4,Weekday
2023-12-22,2023,Q4,12,12,December,Dec,2023-12,22,Friday,5,Weekday
2023-12-23,2023,Q4,12,12,December,Dec,2023-12,23,Saturday,6,Weekend
2023-12-24,2023,Q4,12,12,December,Dec,2023-12,24,Sunday,7,Weekend
2023-12-25,2023,Q4,12,12,December,Dec,2023-12,25,Monday,1,Weekday
2023-12-26,2023,Q4,12,12,December,Dec,2023-12,26,Tuesday,2,Weekday
2023-12-27,2023,Q4,12,12,December,Dec,2023-12,27,Wednesday,3,Weekday
2023-12-28,2023,Q4,12,12,December,Dec,2023-12,28,Thursday,4,Weekday
2023-12-29,2023,Q4,12,12,December,Dec,2023-12,29,Friday,5,Weekday
2023-12-30,2023,Q4,12,12,December,Dec,2023-12,30,Saturday,6,Weekend
2023-12-31,2023,Q4,12,12,December,Dec,2023-12,31,Sunday,7,Weekend
2024-01-01,2024,Q1,1,1,January,Jan,2024-01,1,Monday,1,Weekday
2024-01-02,2024,Q1,1,1,January,Jan,2024-01,2,Tuesday,2,Weekday
2024-01-03,2024,Q1,1,1,January,Jan,2024-01,3,Wednesday,3,Weekday
2024-01-04,2024,Q1,1,1,January,Jan,2024-01,4,Thursday,4,Weekday
2024-01-05,2024,Q1,1,1,January,Jan,2024-01,5,Friday,5,Weekday
2024-01-06,2024,Q1,1,1,January,Jan,2024-01,6,Saturday,6,Weekend
2024-01-07,2024,Q1,1,1,January,Jan,2024-01,7,Sunday,7,Weekend
2024-01-08,2024,Q1,1,1,January,Jan,2024-01,8,Monday,1,Weekday
2024-01-09,2024,Q1,1,1,January,Jan,2024-01,9,Tuesday,2,Weekday
2024-01-10,2024,Q1,1,1,January,Jan,2024-01,10,Wednesday,3,Weekday
2024-01-11,2024,Q1,1,1,January,Jan,2024-01,11,Thursday,4,Weekday
2024-01-12,2024,Q1,1,1,January,Jan,2024-01,12,Friday,5,Weekday
2024-01-13,2024,Q1,1,1,January,Jan,2024-01,13,Saturday,6,Weekend
2024-01-14,2024,Q1,1,1,January,Jan,2024-01,14,Sunday,7,Weekend
2024-01-15,2024,Q1,1,1,January,Jan,2024-01,15,Monday,1,Weekday
2024-01-16,2024,Q1,1,1,January,Jan,2024-01,16,Tuesday,2,Weekday
2024-01-17,2024,Q1,1,1,January,Jan,2024-01,17,Wednesday,3,Weekday
2024-01-18,2024,Q1,1,1,January,Jan,2024-01,18,Thursday,4,Weekday
2024-01-19,2024,Q1,1,1,January,Jan,2024-01,19,Friday,5,Weekday
2024-01-20,2024,Q1,1,1,January,Jan,2024-01,20,Saturday,6,Weekend
2024-01-21,2024,Q1,1,1,January,Jan,2024-01,21,Sunday,7,Weekend
2024-01-22,2024,Q1,1,1,January,Jan,2024-01,22,Monday,1,Weekday
2024-01-23,2024,Q1,1,1,January,Jan,2024-01,23,Tuesday,2,Weekday
2024-01-24,2024,Q1,1,1,January,Jan,2024-01,24,Wednesday,3,Weekday
2024-01-25,2024,Q1,1,1,January,Jan,2024-01,25,Thursday,4,Weekday
2024-01-26,2024,Q1,1,1,January,Jan,2024-01,26,Friday,5,Weekday
2024-01-27,2024,Q1,1,1,January,Jan,2024-01,27,Saturday,6,Weekend
2024-01-28,2024,Q1,1,1,January,Jan,2024-01,28,Sunday,7,Weekend
2024-01-29,2024,Q1,1,1,January,Jan,2024-01,29,Monday,1,Weekday
2024-01-30,2024,Q1,1,1,January,Jan,2024-01,30,Tuesday,2,Weekday
2024-01-31,2024,Q1,1,1,January,Jan,2024-01,31,Wednesday,3,Weekday
2024-02-01,2024,Q1,2,2,February,Feb,2024-02,1,Thursday,4,Weekday
2024-02-02,2024,Q1,2,2,February,Feb,2024-02,2,Friday,5,Weekday
2024-02-03,2024,Q1,2,2,February,Feb,2024-02,3,Saturday,6,Weekend
2024-02-04,2024,Q1,2,2,February,Feb,2024-02,4,Sunday,7,Weekend
2024-02-05,2024,Q1,2,2,February,Feb,2024-02,5,Monday,1,Weekday
2024-02-06,2024,Q1,2,2,February,Feb,2024-02,6,Tuesday,2,Weekday
2024-02-07,2024,Q1,2,2,February,Feb,2024-02,7,Wednesday,3,Weekday
2024-02-08,2024,Q1,2,2,February,Feb,2024-02,8,Thursday,4,Weekday
2024-02-09,2024,Q1,2,2,February,Feb,2024-02,9,Friday,5,Weekday
2024-02-10,2024,Q1,2,2,February,Feb,2024-02,10,Saturday,6,Weekend
2024-02-11,2024,Q1,2,2,February,Feb,2024-02,11,Sunday,7,Weekend
2024-02-12,2024,Q1,2,2,February,Feb,2024-02,12,Monday,1,Weekday
2024-02-13,2024,Q1,2,2,February,Feb,2024-02,13,Tuesday,2,Weekday
2024-02-14,2024,Q1,2,2,February,Feb,2024-02,14,Wednesday,3,Weekday
2024-02-15,2024,Q1,2,2,February,Feb,2024-02,15,Thursday,4,Weekday
2024-02-16,2024,Q1,2,2,February,Feb,2024-02,16,Friday,5,Weekday
2024-02-17,2024,Q1,2,2,February,Feb,2024-02,17,Saturday,6,Weekend
2024-02-18,2024,Q1,2,2,February,Feb,2024-02,18,Sunday,7,Weekend
2024-02-19,2024,Q1,2,2,February,Feb,2024-02,19,Monday,1,Weekday
2024-02-20,2024,Q1,2,2,February,Feb,2024-02,20,Tuesday,2,Weekday
2024-02-21,2024,Q1,2,2,February,Feb,2024-02,21,Wednesday,3,Weekday
2024-02-22,2024,Q1,2,2,February,Feb,2024-02,22,Thursday,4,Weekday
2024-02-23,2024,Q1,2,2,February,Feb,2024-02,23,Friday,5,Weekday
2024-02-24,2024,Q1,2,2,February,Feb,2024-02,24,Saturday,6,Weekend
2024-02-25,2024,Q1,2,2,February,Feb,2024-02,25,Sunday,7,Weekend
2024-02-26,2024,Q1,2,2,February,Feb,2024-02,26,Monday,1,Weekday
2024-02-27,2024,Q1,2,2,February,Feb,2024-02,27,Tuesday,2,Weekday
2024-02-28,2024,Q1,2,2,February,Feb,2024-02,28,Wednesday,3,Weekday
2024-02-29,2024,Q1,2,2,February,Feb,2024-02,29,Thursday,4,Weekday
2024-03-01,2024,Q1,3,3,March,Mar,2024-03,1,Friday,5,Weekday
2024-03-02,2024,Q1,3,3,March,Mar,2024-03,2,Saturday,6,Weekend
2024-03-03,2024,Q1,3,3,March,Mar,2024-03,3,Sunday,7,Weekend
2024-03-04,2024,Q1,3,3,March,Mar,2024-03,4,Monday,1,Weekday
2024-03-05,2024,Q1,3,3,March,Mar,2024-03,5,Tuesday,2,Weekday
2024-03-06,2024,Q1,3,3,March,Mar,2024-03,6,Wednesday,3,Weekday
2024-03-07,2024,Q1,3,3,March,Mar,2024-03,7,Thursday,4,Weekday
2024-03-08,2024,Q1,3,3,March,Mar,2024-03,8,Friday,5,Weekday
2024-03-09,2024,Q1,3,3,March,Mar,2024-03,9,Saturday,6,Weekend
2024-03-10,2024,Q1,3,3,March,Mar,2024-03,10,Sunday,7,Weekend
2024-03-11,2024,Q1,3,3,March,Mar,2024-03,11,Monday,1,Weekday
2024-03-12,2024,Q1,3,3,March,Mar,2024-03,12,Tuesday,2,Weekday
2024-03-13,2024,Q1,3,3,March,Mar,2024-03,13,Wednesday,3,Weekday
2024-03-14,2024,Q1,3,3,March,Mar,2024-03,14,Thursday,4,Weekday
2024-03-15,2024,Q1,3,3,March,Mar,2024-03,15,Friday,5,Weekday
2024-03-16,2024,Q1,3,3,March,Mar,2024-03,16,Saturday,6,Weekend
2024-03-17,2024,Q1,3,3,March,Mar,2024-03,17,Sunday,7,Weekend
2024-03-18,2024,Q1,3,3,March,Mar,2024-03,18,Monday,1,Weekday
2024-03-19,2024,Q1,3,3,March,Mar,2024-03,19,Tuesday,2,Weekday
2024-03-20,2024,Q1,3,3,March,Mar,2024-03,20,Wednesday,3,Weekday
2024-03-21,2024,Q1,3,3,March,Mar,2024-03,21,Thursday,4,Weekday
2024-03-22,2024,Q1,3,3,March,Mar,2024-03,22,Friday,5,Weekday
2024-03-23,2024,Q1,3,3,March,Mar,2024-03,23,Saturday,6,Weekend
2024-03-24,2024,Q1,3,3,March,Mar,2024-03,24,Sunday,7,Weekend
2024-03-25,2024,Q1,3,3,March,Mar,2024-03,25,Monday,1,Weekday
2024-03-26,2024,Q1,3,3,March,Mar,2024-03,26,Tuesday,2,Weekday
2024-03-27,2024,Q1,3,3,March,Mar,2024-03,27,Wednesday,3,Weekday
2024-03-28,2024,Q1,3,3,March,Mar,2024-03,28,Thursday,4,Weekday
2024-03-29,2024,Q1,3,3,March,Mar,2024-03,29,Friday,5,Weekday
2024-03-30,2024,Q1,3,3,March,Mar,2024-03,30,Saturday,6,Weekend
2024-03-31,2024,Q1,3,3,March,Mar,2024-03,31,Sunday,7,Weekend
2024-04-01,2024,Q2,4,4,April,Apr,2024-04,1,Monday,1,Weekday
2024-04-02,2024,Q2,4,4,April,Apr,2024-04,2,Tuesday,2,Weekday
2024-04-03,2024,Q2,4,4,April,Apr,2024-04,3,Wednesday,3,Weekday
2024-04-04,2024,Q2,4,4,April,Apr,2024-04,4,Thursday,4,Weekday
2024-04-05,2024,Q2,4,4,April,Apr,2024-04,5,Friday,5,Weekday
2024-04-06,2024,Q2,4,4,April,Apr,2024-04,6,Saturday,6,Weekend
2024-04-07,2024,Q2,4,4,April,Apr,2024-04,7,Sunday,7,Weekend
2024-04-08,2024,Q2,4,4,April,Apr,2024-04,8,Monday,1,Weekday
2024-04-09,2024,Q2,4,4,April,Apr,2024-04,9,Tuesday,2,Weekday
2024-04-10,2024,Q2,4,4,April,Apr,2024-04,10,Wednesday,3,Weekday
2024-04-11,2024,Q2,4,4,April,Apr,2024-04,11,Thursday,4,Weekday
2024-04-12,2024,Q2,4,4,April,Apr,2024-04,12,Friday,5,Weekday
2024-04-13,2024,Q2,4,4,April,Apr,2024-04,13,Saturday,6,Weekend
2024-04-14,2024,Q2,4,4,April,Apr,2024-04,14,Sunday,7,Weekend
2024-04-15,2024,Q2,4,4,April,Apr,2024-04,15,Monday,1,Weekday
2024-04-16,2024,Q2,4,4,April,Apr,2024-04,16,Tuesday,2,Weekday
2024-04-17,2024,Q2,4,4,April,Apr,2024-04,17,Wednesday,3,Weekday
2024-04-18,2024,Q2,4,4,April,Apr,2024-04,18,Thursday,4,Weekday
2024-04-19,2024,Q2,4,4,April,Apr,2024-04,19,Friday,5,Weekday
2024-04-20,2024,Q2,4,4,April,Apr,2024-04,20,Saturday,6,Weekend
2024-04-21,2024,Q2,4,4,April,Apr,2024-04,21,Sunday,7,Weekend
2024-04-22,2024,Q2,4,4,April,Apr,2024-04,22,Monday,1,Weekday
2024-04-23,2024,Q2,4,4,April,Apr,2024-04,23,Tuesday,2,Weekday
2024-04-24,2024,Q2,4,4,April,Apr,2024-04,24,Wednesday,3,Weekday
2024-04-25,2024,Q2,4,4,April,Apr,2024-04,25,Thursday,4,Weekday
2024-04-26,2024,Q2,4,4,April,Apr,2024-04,26,Friday,5,Weekday
2024-04-27,2024,Q2,4,4,April,Apr,2024-04,27,Saturday,6,Weekend
2024-04-28,2024,Q2,4,4,April,Apr,2024-04,28,Sunday,7,Weekend
2024-04-29,2024,Q2,4,4,April,Apr,2024-04,29,Monday,1,Weekday
2024-04-30,2024,Q2,4,4,April,Apr,2024-04,30,Tuesday,2,Weekday
2024-05-01,2024,Q2,5,5,May,May,2024-05,1,Wednesday,3,Weekday
2024-05-02,2024,Q2,5,5,May,May,2024-05,2,Thursday,4,Weekday
2024-05-03,2024,Q2,5,5,May,May,2024-05,3,Friday,5,Weekday
2024-05-04,2024,Q2,5,5,May,May,2024-05,4,Saturday,6,Weekend
2024-05-05,2024,Q2,5,5,May,May,2024-05,5,Sunday,7,Weekend
2024-05-06,2024,Q2,5,5,May,May,2024-05,6,Monday,1,Weekday
2024-05-07,2024,Q2,5,5,May,May,2024-05,7,Tuesday,2,Weekday
2024-05-08,2024,Q2,5,5,May,May,2024-05,8,Wednesday,3,Weekday
2024-05-09,2024,Q2,5,5,May,May,2024-05,9,Thursday,4,Weekday
2024-05-10,2024,Q2,5,5,May,May,2024-05,10,Friday,5,Weekday
2024-05-11,2024,Q2,5,5,May,May,2024-05,11,Saturday,6,Weekend
2024-05-12,2024,Q2,5,5,May,May,2024-05,12,Sunday,7,Weekend
2024-05-13,2024,Q2,5,5,May,May,2024-05,13,Monday,1,Weekday
2024-05-14,2024,Q2,5,5,May,May,2024-05,14,Tuesday,2,Weekday
2024-05-15,2024,Q2,5,5,May,May,2024-05,15,Wednesday,3,Weekday
2024-05-16,2024,Q2,5,5,May,May,2024-05,16,Thursday,4,Weekday
2024-05-17,2024,Q2,5,5,May,May,2024-05,17,Friday,5,Weekday
2024-05-18,2024,Q2,5,5,May,May,2024-05,18,Saturday,6,Weekend
2024-05-19,2024,Q2,5,5,May,May,2024-05,19,Sunday,7,Weekend
2024-05-20,2024,Q2,5,5,May,May,2024-05,20,Monday,1,Weekday
2024-05-21,2024,Q2,5,5,May,May,2024-05,21,Tuesday,2,Weekday
2024-05-22,2024,Q2,5,5,May,May,2024-05,22,Wednesday,3,Weekday
2024-05-23,2024,Q2,5,5,May,May,2024-05,23,Thursday,4,Weekday
2024-05-24,2024,Q2,5,5,May,May,2024-05,24,Friday,5,Weekday
2024-05-25,2024,Q2,5,5,May,May,2024-05,25,Saturday,6,Weekend
2024-05-26,2024,Q2,5,5,May,May,2024-05,26,Sunday,7,Weekend
2024-05-27,2024,Q2,5,5,May,May,2024-05,27,Monday,1,Weekday
2024-05-28,2024,Q2,5,5,May,May,2024-05,28,Tuesday,2,Weekday
2024-05-29,2024,Q2,5,5,May,May,2024-05,29,Wednesday,3,Weekday
2024-05-30,2024,Q2,5,5,May,May,2024-05,30,Thursday,4,Weekday
2024-05-31,2024,Q2,5,5,May,May,2024-05,31,Friday,5,Weekday
2024-06-01,2024,Q2,6,6,June,Jun,2024-06,1,Saturday,6,Weekend
2024-06-02,2024,Q2,6,6,June,Jun,2024-06,2,Sunday,7,Weekend
2024-06-03,2024,Q2,6,6,June,Jun,2024-06,3,Monday,1,Weekday
2024-06-04,2024,Q2,6,6,June,Jun,2024-06,4,Tuesday,2,Weekday
2024-06-05,2024,Q2,6,6,June,Jun,2024-06,5,Wednesday,3,Weekday
2024-06-06,2024,Q2,6,6,June,Jun,2024-06,6,Thursday,4,Weekday
2024-06-07,2024,Q2,6,6,June,Jun,2024-06,7,Friday,5,Weekday
2024-06-08,2024,Q2,6,6,June,Jun,2024-06,8,Saturday,6,Weekend
2024-06-09,2024,Q2,6,6,June,Jun,2024-06,9,Sunday,7,Weekend
2024-06-10,2024,Q2,6,6,June,Jun,2024-06,10,Monday,1,Weekday
2024-06-11,2024,Q2,6,6,June,Jun,2024-06,11,Tuesday,2,Weekday
2024-06-12,2024,Q2,6,6,June,Jun,2024-06,12,Wednesday,3,Weekday
2024-06-13,2024,Q2,6,6,June,Jun,2024-06,13,Thursday,4,Weekday
2024-06-14,2024,Q2,6,6,June,Jun,2024-06,14,Friday,5,Weekday
2024-06-15,2024,Q2,6,6,June,Jun,2024-06,15,Saturday,6,Weekend
2024-06-16,2024,Q2,6,6,June,Jun,2024-06,16,Sunday,7,Weekend
2024-06-17,2024,Q2,6,6,June,Jun,2024-06,17,Monday,1,Weekday
2024-06-18,2024,Q2,6,6,June,Jun,2024-06,18,Tuesday,2,Weekday
2024-06-19,2024,Q2,6,6,June,Jun,2024-06,19,Wednesday,3,Weekday
2024-06-20,2024,Q2,6,6,June,Jun,2024-06,20,Thursday,4,Weekday
2024-06-21,2024,Q2,6,6,June,Jun,2024-06,21,Friday,5,Weekday
2024-06-22,2024,Q2,6,6,June,Jun,2024-06,22,Saturday,6,Weekend
2024-06-23,2024,Q2,6,6,June,Jun,2024-06,23,Sunday,7,Weekend
2024-06-24,2024,Q2,6,6,June,Jun,2024-06,24,Monday,1,Weekday
2024-06-25,2024,Q2,6,6,June,Jun,2024-06,25,Tuesday,2,Weekday
2024-06-26,2024,Q2,6,6,June,Jun,2024-06,26,Wednesday,3,Weekday
2024-06-27,2024,Q2,6,6,June,Jun,2024-06,27,Thursday,4,Weekday
2024-06-28,2024,Q2,6,6,June,Jun,2024-06,28,Friday,5,Weekday
2024-06-29,2024,Q2,6,6,June,Jun,2024-06,29,Saturday,6,Weekend
2024-06-30,2024,Q2,6,6,June,Jun,2024-06,30,Sunday,7,Weekend
2024-07-01,2024,Q3,7,7,July,Jul,2024-07,1,Monday,1,Weekday
2024-07-02,2024,Q3,7,7,July,Jul,2024-07,2,Tuesday,2,Weekday
2024-07-03,2024,Q3,7,7,July,Jul,2024-07,3,Wednesday,3,Weekday
2024-07-04,2024,Q3,7,7,July,Jul,2024-07,4,Thursday,4,Weekday
2024-07-05,2024,Q3,7,7,July,Jul,2024-07,5,Friday,5,Weekday
2024-07-06,2024,Q3,7,7,July,Jul,2024-07,6,Saturday,6,Weekend
2024-07-07,2024,Q3,7,7,July,Jul,2024-07,7,Sunday,7,Weekend
2024-07-08,2024,Q3,7,7,July,Jul,2024-07,8,Monday,1,Weekday
2024-07-09,2024,Q3,7,7,July,Jul,2024-07,9,Tuesday,2,Weekday
2024-07-10,2024,Q3,7,7,July,Jul,2024-07,10,Wednesday,3,Weekday
2024-07-11,2024,Q3,7,7,July,Jul,2024-07,11,Thursday,4,Weekday
2024-07-12,2024,Q3,7,7,July,Jul,2024-07,12,Friday,5,Weekday
2024-07-13,2024,Q3,7,7,July,Jul,2024-07,13,Saturday,6,Weekend
2024-07-14,2024,Q3,7,7,July,Jul,2024-07,14,Sunday,7,Weekend
2024-07-15,2024,Q3,7,7,July,Jul,2024-07,15,Monday,1,Weekday
2024-07-16,2024,Q3,7,7,July,Jul,2024-07,16,Tuesday,2,Weekday
2024-07-17,2024,Q3,7,7,July,Jul,2024-07,17,Wednesday,3,Weekday
2024-07-18,2024,Q3,7,7,July,Jul,2024-07,18,Thursday,4,Weekday
2024-07-19,2024,Q3,7,7,July,Jul,2024-07,19,Friday,5,Weekday
2024-07-20,2024,Q3,7,7,July,Jul,2024-07,20,Saturday,6,Weekend
2024-07-21,2024,Q3,7,7,July,Jul,2024-07,21,Sunday,7,Weekend
2024-07-22,2024,Q3,7,7,July,Jul,2024-07,22,Monday,1,Weekday
2024-07-23,2024,Q3,7,7,July,Jul,2024-07,23,Tuesday,2,Weekday
2024-07-24,2024,Q3,7,7,July,Jul,2024-07,24,Wednesday,3,Weekday
2024-07-25,2024,Q3,7,7,July,Jul,2024-07,25,Thursday,4,Weekday
2024-07-26,2024,Q3,7,7,July,Jul,2024-07,26,Friday,5,Weekday
2024-07-27,2024,Q3,7,7,July,Jul,2024-07,27,Saturday,6,Weekend
2024-07-28,2024,Q3,7,7,July,Jul,2024-07,28,Sunday,7,Weekend
2024-07-29,2024,Q3,7,7,July,Jul,2024-07,29,Monday,1,Weekday
2024-07-30,2024,Q3,7,7,July,Jul,2024-07,30,Tuesday,2,Weekday
2024-07-31,2024,Q3,7,7,July,Jul,2024-07,31,Wednesday,3,Weekday
2024-08-01,2024,Q3,8,8,August,Aug,2024-08,1,Thursday,4,Weekday
2024-08-02,2024,Q3,8,8,August,Aug,2024-08,2,Friday,5,Weekday
2024-08-03,2024,Q3,8,8,August,Aug,2024-08,3,Saturday,6,Weekend
2024-08-04,2024,Q3,8,8,August,Aug,2024-08,4,Sunday,7,Weekend
2024-08-05,2024,Q3,8,8,August,Aug,2024-08,5,Monday,1,Weekday
2024-08-06,2024,Q3,8,8,August,Aug,2024-08,6,Tuesday,2,Weekday
2024-08-07,2024,Q3,8,8,August,Aug,2024-08,7,Wednesday,3,Weekday
2024-08-08,2024,Q3,8,8,August,Aug,2024-08,8,Thursday,4,Weekday
2024-08-09,2024,Q3,8,8,August,Aug,2024-08,9,Friday,5,Weekday
2024-08-10,2024,Q3,8,8,August,Aug,2024-08,10,Saturday,6,Weekend
2024-08-11,2024,Q3,8,8,August,Aug,2024-08,11,Sunday,7,Weekend
2024-08-12,2024,Q3,8,8,August,Aug,2024-08,12,Monday,1,Weekday
2024-08-13,2024,Q3,8,8,August,Aug,2024-08,13,Tuesday,2,Weekday
2024-08-14,2024,Q3,8,8,August,Aug,2024-08,14,Wednesday,3,Weekday
2024-08-15,2024,Q3,8,8,August,Aug,2024-08,15,Thursday,4,Weekday
2024-08-16,2024,Q3,8,8,August,Aug,2024-08,16,Friday,5,Weekday
2024-08-17,2024,Q3,8,8,August,Aug,2024-08,17,Saturday,6,Weekend
2024-08-18,2024,Q3,8,8,August,Aug,2024-08,18,Sunday,7,Weekend
2024-08-19,2024,Q3,8,8,August,Aug,2024-08,19,Monday,1,Weekday
2024-08-20,2024,Q3,8,8,August,Aug,2024-08,20,Tuesday,2,Weekday
2024-08-21,2024,Q3,8,8,August,Aug,2024-08,21,Wednesday,3,Weekday
2024-08-22,2024,Q3,8,8,August,Aug,2024-08,22,Thursday,4,Weekday
2024-08-23,2024,Q3,8,8,August,Aug,2024-08,23,Friday,5,Weekday
2024-08-24,2024,Q3,8,8,August,Aug,2024-08,24,Saturday,6,Weekend
2024-08-25,2024,Q3,8,8,August,Aug,2024-08,25,Sunday,7,Weekend
2024-08-26,2024,Q3,8,8,August,Aug,2024-08,26,Monday,1,Weekday
2024-08-27,2024,Q3,8,8,August,Aug,2024-08,27,Tuesday,2,Weekday
2024-08-28,2024,Q3,8,8,August,Aug,2024-08,28,Wednesday,3,Weekday
2024-08-29,2024,Q3,8,8,August,Aug,2024-08,29,Thursday,4,Weekday
2024-08-30,2024,Q3,8,8,August,Aug,2024-08,30,Friday,5,Weekday
2024-08-31,2024,Q3,8,8,August,Aug,2024-08,31,Saturday,6,Weekend
2024-09-01,2024,Q3,9,9,September,Sep,2024-09,1,Sunday,7,Weekend
2024-09-02,2024,Q3,9,9,September,Sep,2024-09,2,Monday,1,Weekday
2024-09-03,2024,Q3,9,9,September,Sep,2024-09,3,Tuesday,2,Weekday
2024-09-04,2024,Q3,9,9,September,Sep,2024-09,4,Wednesday,3,Weekday
2024-09-05,2024,Q3,9,9,September,Sep,2024-09,5,Thursday,4,Weekday
2024-09-06,2024,Q3,9,9,September,Sep,2024-09,6,Friday,5,Weekday
2024-09-07,2024,Q3,9,9,September,Sep,2024-09,7,Saturday,6,Weekend
2024-09-08,2024,Q3,9,9,September,Sep,2024-09,8,Sunday,7,Weekend
2024-09-09,2024,Q3,9,9,September,Sep,2024-09,9,Monday,1,Weekday
2024-09-10,2024,Q3,9,9,September,Sep,2024-09,10,Tuesday,2,Weekday
2024-09-11,2024,Q3,9,9,September,Sep,2024-09,11,Wednesday,3,Weekday
2024-09-12,2024,Q3,9,9,September,Sep,2024-09,12,Thursday,4,Weekday
2024-09-13,2024,Q3,9,9,September,Sep,2024-09,13,Friday,5,Weekday
2024-09-14,2024,Q3,9,9,September,Sep,2024-09,14,Saturday,6,Weekend
2024-09-15,2024,Q3,9,9,September,Sep,2024-09,15,Sunday,7,Weekend
2024-09-16,2024,Q3,9,9,September,Sep,2024-09,16,Monday,1,Weekday
2024-09-17,2024,Q3,9,9,September,Sep,2024-09,17,Tuesday,2,Weekday
2024-09-18,2024,Q3,9,9,September,Sep,2024-09,18,Wednesday,3,Weekday
2024-09-19,2024,Q3,9,9,September,Sep,2024-09,19,Thursday,4,Weekday
2024-09-20,2024,Q3,9,9,September,Sep,2024-09,20,Friday,5,Weekday
2024-09-21,2024,Q3,9,9,September,Sep,2024-09,21,Saturday,6,Weekend
2024-09-22,2024,Q3,9,9,September,Sep,2024-09,22,Sunday,7,Weekend
2024-09-23,2024,Q3,9,9,September,Sep,2024-09,23,Monday,1,Weekday
2024-09-24,2024,Q3,9,9,September,Sep,2024-09,24,Tuesday,2,Weekday
2024-09-25,2024,Q3,9,9,September,Sep,2024-09,25,Wednesday,3,Weekday
2024-09-26,2024,Q3,9,9,September,Sep,2024-09,26,Thursday,4,Weekday
2024-09-27,2024,Q3,9,9,September,Sep,2024-09,27,Friday,5,Weekday
2024-09-28,2024,Q3,9,9,September,Sep,2024-09,28,Saturday,6,Weekend
2024-09-29,2024,Q3,9,9,September,Sep,2024-09,29,Sunday,7,Weekend
2024-09-30,2024,Q3,9,9,September,Sep,2024-09,30,Monday,1,Weekday
2024-10-01,2024,Q4,10,10,October,Oct,2024-10,1,Tuesday,2,Weekday
2024-10-02,2024,Q4,10,10,October,Oct,2024-10,2,Wednesday,3,Weekday
2024-10-03,2024,Q4,10,10,October,Oct,2024-10,3,Thursday,4,Weekday
2024-10-04,2024,Q4,10,10,October,Oct,2024-10,4,Friday,5,Weekday
2024-10-05,2024,Q4,10,10,October,Oct,2024-10,5,Saturday,6,Weekend
2024-10-06,2024,Q4,10,10,October,Oct,2024-10,6,Sunday,7,Weekend
2024-10-07,2024,Q4,10,10,October,Oct,2024-10,7,Monday,1,Weekday
2024-10-08,2024,Q4,10,10,October,Oct,2024-10,8,Tuesday,2,Weekday
2024-10-09,2024,Q4,10,10,October,Oct,2024-10,9,Wednesday,3,Weekday
2024-10-10,2024,Q4,10,10,October,Oct,2024-10,10,Thursday,4,Weekday
2024-10-11,2024,Q4,10,10,October,Oct,2024-10,11,Friday,5,Weekday
2024-10-12,2024,Q4,10,10,October,Oct,2024-10,12,Saturday,6,Weekend
2024-10-13,2024,Q4,10,10,October,Oct,2024-10,13,Sunday,7,Weekend
2024-10-14,2024,Q4,10,10,October,Oct,2024-10,14,Monday,1,Weekday
2024-10-15,2024,Q4,10,10,October,Oct,2024-10,15,Tuesday,2,Weekday
2024-10-16,2024,Q4,10,10,October,Oct,2024-10,16,Wednesday,3,Weekday
2024-10-17,2024,Q4,10,10,October,Oct,2024-10,17,Thursday,4,Weekday
2024-10-18,2024,Q4,10,10,October,Oct,2024-10,18,Friday,5,Weekday
2024-10-19,2024,Q4,10,10,October,Oct,2024-10,19,Saturday,6,Weekend
2024-10-20,2024,Q4,10,10,October,Oct,2024-10,20,Sunday,7,Weekend
2024-10-21,2024,Q4,10,10,October,Oct,2024-10,21,Monday,1,Weekday
2024-10-22,2024,Q4,10,10,October,Oct,2024-10,22,Tuesday,2,Weekday
2024-10-23,2024,Q4,10,10,October,Oct,2024-10,23,Wednesday,3,Weekday
2024-10-24,2024,Q4,10,10,October,Oct,2024-10,24,Thursday,4,Weekday
2024-10-25,2024,Q4,10,10,October,Oct,2024-10,25,Friday,5,Weekday
2024-10-26,2024,Q4,10,10,October,Oct,2024-10,26,Saturday,6,Weekend
2024-10-27,2024,Q4,10,10,October,Oct,2024-10,27,Sunday,7,Weekend
2024-10-28,2024,Q4,10,10,October,Oct,2024-10,28,Monday,1,Weekday
2024-10-29,2024,Q4,10,10,October,Oct,2024-10,29,Tuesday,2,Weekday
2024-10-30,2024,Q4,10,10,October,Oct,2024-10,30,Wednesday,3,Weekday
2024-10-31,2024,Q4,10,10,October,Oct,2024-10,31,Thursday,4,Weekday
2024-11-01,2024,Q4,11,11,November,Nov,2024-11,1,Friday,5,Weekday
2024-11-02,2024,Q4,11,11,November,Nov,2024-11,2,Saturday,6,Weekend
2024-11-03,2024,Q4,11,11,November,Nov,2024-11,3,Sunday,7,Weekend
2024-11-04,2024,Q4,11,11,November,Nov,2024-11,4,Monday,1,Weekday
2024-11-05,2024,Q4,11,11,November,Nov,2024-11,5,Tuesday,2,Weekday
2024-11-06,2024,Q4,11,11,November,Nov,2024-11,6,Wednesday,3,Weekday
2024-11-07,2024,Q4,11,11,November,Nov,2024-11,7,Thursday,4,Weekday
2024-11-08,2024,Q4,11,11,November,Nov,2024-11,8,Friday,5,Weekday
2024-11-09,2024,Q4,11,11,November,Nov,2024-11,9,Saturday,6,Weekend
2024-11-10,2024,Q4,11,11,November,Nov,2024-11,10,Sunday,7,Weekend
2024-11-11,2024,Q4,11,11,November,Nov,2024-11,11,Monday,1,Weekday
2024-11-12,2024,Q4,11,11,November,Nov,2024-11,12,Tuesday,2,Weekday
2024-11-13,2024,Q4,11,11,November,Nov,2024-11,13,Wednesday,3,Weekday
2024-11-14,2024,Q4,11,11,November,Nov,2024-11,14,Thursday,4,Weekday
2024-11-15,2024,Q4,11,11,November,Nov,2024-11,15,Friday,5,Weekday
2024-11-16,2024,Q4,11,11,November,Nov,2024-11,16,Saturday,6,Weekend
2024-11-17,2024,Q4,11,11,November,Nov,2024-11,17,Sunday,7,Weekend
2024-11-18,2024,Q4,11,11,November,Nov,2024-11,18,Monday,1,Weekday
2024-11-19,2024,Q4,11,11,November,Nov,2024-11,19,Tuesday,2,Weekday
2024-11-20,2024,Q4,11,11,November,Nov,2024-11,20,Wednesday,3,Weekday
2024-11-21,2024,Q4,11,11,November,Nov,2024-11,21,Thursday,4,Weekday
2024-11-22,2024,Q4,11,11,November,Nov,2024-11,22,Friday,5,Weekday
2024-11-23,2024,Q4,11,11,November,Nov,2024-11,23,Saturday,6,Weekend
2024-11-24,2024,Q4,11,11,November,Nov,2024-11,24,Sunday,7,Weekend
2024-11-25,2024,Q4,11,11,November,Nov,2024-11,25,Monday,1,Weekday
2024-11-26,2024,Q4,11,11,November,Nov,2024-11,26,Tuesday,2,Weekday
2024-11-27,2024,Q4,11,11,November,Nov,2024-11,27,Wednesday,3,Weekday
2024-11-28,2024,Q4,11,11,November,Nov,2024-11,28,Thursday,4,Weekday
2024-11-29,2024,Q4,11,11,November,Nov,2024-11,29,Friday,5,Weekday
2024-11-30,2024,Q4,11,11,November,Nov,2024-11,30,Saturday,6,Weekend
2024-12-01,2024,Q4,12,12,December,Dec,2024-12,1,Sunday,7,Weekend
2024-12-02,2024,Q4,12,12,December,Dec,2024-12,2,Monday,1,Weekday
2024-12-03,2024,Q4,12,12,December,Dec,2024-12,3,Tuesday,2,Weekday
2024-12-04,2024,Q4,12,12,December,Dec,2024-12,4,Wednesday,3,Weekday
2024-12-05,2024,Q4,12,12,December,Dec,2024-12,5,Thursday,4,Weekday
2024-12-06,2024,Q4,12,12,December,Dec,2024-12,6,Friday,5,Weekday
2024-12-07,2024,Q4,12,12,December,Dec,2024-12,7,Saturday,6,Weekend
2024-12-08,2024,Q4,12,12,December,Dec,2024-12,8,Sunday,7,Weekend
2024-12-09,2024,Q4,12,12,December,Dec,2024-12,9,Monday,1,Weekday
2024-12-10,2024,Q4,12,12,December,Dec,2024-12,10,Tuesday,2,Weekday
2024-12-11,2024,Q4,12,12,December,Dec,2024-12,11,Wednesday,3,Weekday
2024-12-12,2024,Q4,12,12,December,Dec,2024-12,12,Thursday,4,Weekday
2024-12-13,2024,Q4,12,12,December,Dec,2024-12,13,Friday,5,Weekday
2024-12-14,2024,Q4,12,12,December,Dec,2024-12,14,Saturday,6,Weekend
2024-12-15,2024,Q4,12,12,December,Dec,2024-12,15,Sunday,7,Weekend
2024-12-16,2024,Q4,12,12,December,Dec,2024-12,16,Monday,1,Weekday
2024-12-17,2024,Q4,12,12,December,Dec,2024-12,17,Tuesday,2,Weekday
2024-12-18,2024,Q4,12,12,December,Dec,2024-12,18,Wednesday,3,Weekday
2024-12-19,2024,Q4,12,12,December,Dec,2024-12,19,Thursday,4,Weekday
2024-12-20,2024,Q4,12,12,December,Dec,2024-12,20,Friday,5,Weekday
2024-12-21,2024,Q4,12,12,December,Dec,2024-12,21,Saturday,6,Weekend
2024-12-22,2024,Q4,12,12,December,Dec,2024-12,22,Sunday,7,Weekend
2024-12-23,2024,Q4,12,12,December,Dec,2024-12,23,Monday,1,Weekday
2024-12-24,2024,Q4,12,12,December,Dec,2024-12,24,Tuesday,2,Weekday
2024-12-25,2024,Q4,12,12,December,Dec,2024-12,25,Wednesday,3,Weekday
2024-12-26,2024,Q4,12,12,December,Dec,2024-12,26,Thursday,4,Weekday
2024-12-27,2024,Q4,12,12,December,Dec,2024-12,27,Friday,5,Weekday
2024-12-28,2024,Q4,12,12,December,Dec,2024-12,28,Saturday,6,Weekend
2024-12-29,2024,Q4,12,12,December,Dec,2024-12,29,Sunday,7,Weekend
2024-12-30,2024,Q4,12,12,December,Dec,2024-12,30,Monday,1,Weekday
2024-12-31,2024,Q4,12,12,December,Dec,2024-12,31,Tuesday,2,Weekday
2025-01-01,2025,Q1,1,1,January,Jan,2025-01,1,Wednesday,3,Weekday
2025-01-02,2025,Q1,1,1,January,Jan,2025-01,2,Thursday,4,Weekday
2025-01-03,2025,Q1,1,1,January,Jan,2025-01,3,Friday,5,Weekday
2025-01-04,2025,Q1,1,1,January,Jan,2025-01,4,Saturday,6,Weekend
2025-01-05,2025,Q1,1,1,January,Jan,2025-01,5,Sunday,7,Weekend
2025-01-06,2025,Q1,1,1,January,Jan,2025-01,6,Monday,1,Weekday
2025-01-07,2025,Q1,1,1,January,Jan,2025-01,7,Tuesday,2,Weekday
2025-01-08,2025,Q1,1,1,January,Jan,2025-01,8,Wednesday,3,Weekday
2025-01-09,2025,Q1,1,1,January,Jan,2025-01,9,Thursday,4,Weekday
2025-01-10,2025,Q1,1,1,January,Jan,2025-01,10,Friday,5,Weekday
2025-01-11,2025,Q1,1,1,January,Jan,2025-01,11,Saturday,6,Weekend
2025-01-12,2025,Q1,1,1,January,Jan,2025-01,12,Sunday,7,Weekend
2025-01-13,2025,Q1,1,1,January,Jan,2025-01,13,Monday,1,Weekday
2025-01-14,2025,Q1,1,1,January,Jan,2025-01,14,Tuesday,2,Weekday
2025-01-15,2025,Q1,1,1,January,Jan,2025-01,15,Wednesday,3,Weekday
2025-01-16,2025,Q1,1,1,January,Jan,2025-01,16,Thursday,4,Weekday
2025-01-17,2025,Q1,1,1,January,Jan,2025-01,17,Friday,5,Weekday
2025-01-18,2025,Q1,1,1,January,Jan,2025-01,18,Saturday,6,Weekend
2025-01-19,2025,Q1,1,1,January,Jan,2025-01,19,Sunday,7,Weekend
2025-01-20,2025,Q1,1,1,January,Jan,2025-01,20,Monday,1,Weekday
2025-01-21,2025,Q1,1,1,January,Jan,2025-01,21,Tuesday,2,Weekday
2025-01-22,2025,Q1,1,1,January,Jan,2025-01,22,Wednesday,3,Weekday
2025-01-23,2025,Q1,1,1,January,Jan,2025-01,23,Thursday,4,Weekday
2025-01-24,2025,Q1,1,1,January,Jan,2025-01,24,Friday,5,Weekday
2025-01-25,2025,Q1,1,1,January,Jan,2025-01,25,Saturday,6,Weekend
2025-01-26,2025,Q1,1,1,January,Jan,2025-01,26,Sunday,7,Weekend
2025-01-27,2025,Q1,1,1,January,Jan,2025-01,27,Monday,1,Weekday
2025-01-28,2025,Q1,1,1,January,Jan,2025-01,28,Tuesday,2,Weekday
2025-01-29,2025,Q1,1,1,January,Jan,2025-01,29,Wednesday,3,Weekday
2025-01-30,2025,Q1,1,1,January,Jan,2025-01,30,Thursday,4,Weekday
2025-01-31,2025,Q1,1,1,January,Jan,2025-01,31,Friday,5,Weekday
2025-02-01,2025,Q1,2,2,February,Feb,2025-02,1,Saturday,6,Weekend
2025-02-02,2025,Q1,2,2,February,Feb,2025-02,2,Sunday,7,Weekend
2025-02-03,2025,Q1,2,2,February,Feb,2025-02,3,Monday,1,Weekday
2025-02-04,2025,Q1,2,2,February,Feb,2025-02,4,Tuesday,2,Weekday
2025-02-05,2025,Q1,2,2,February,Feb,2025-02,5,Wednesday,3,Weekday
2025-02-06,2025,Q1,2,2,February,Feb,2025-02,6,Thursday,4,Weekday
2025-02-07,2025,Q1,2,2,February,Feb,2025-02,7,Friday,5,Weekday
2025-02-08,2025,Q1,2,2,February,Feb,2025-02,8,Saturday,6,Weekend
2025-02-09,2025,Q1,2,2,February,Feb,2025-02,9,Sunday,7,Weekend
2025-02-10,2025,Q1,2,2,February,Feb,2025-02,10,Monday,1,Weekday
2025-02-11,2025,Q1,2,2,February,Feb,2025-02,11,Tuesday,2,Weekday
2025-02-12,2025,Q1,2,2,February,Feb,2025-02,12,Wednesday,3,Weekday
2025-02-13,2025,Q1,2,2,February,Feb,2025-02,13,Thursday,4,Weekday
2025-02-14,2025,Q1,2,2,February,Feb,2025-02,14,Friday,5,Weekday
2025-02-15,2025,Q1,2,2,February,Feb,2025-02,15,Saturday,6,Weekend
2025-02-16,2025,Q1,2,2,February,Feb,2025-02,16,Sunday,7,Weekend
2025-02-17,2025,Q1,2,2,February,Feb,2025-02,17,Monday,1,Weekday
2025-02-18,2025,Q1,2,2,February,Feb,2025-02,18,Tuesday,2,Weekday
2025-02-19,2025,Q1,2,2,February,Feb,2025-02,19,Wednesday,3,Weekday
2025-02-20,2025,Q1,2,2,February,Feb,2025-02,20,Thursday,4,Weekday
2025-02-21,2025,Q1,2,2,February,Feb,2025-02,21,Friday,5,Weekday
2025-02-22,2025,Q1,2,2,February,Feb,2025-02,22,Saturday,6,Weekend
2025-02-23,2025,Q1,2,2,February,Feb,2025-02,23,Sunday,7,Weekend
2025-02-24,2025,Q1,2,2,February,Feb,2025-02,24,Monday,1,Weekday
2025-02-25,2025,Q1,2,2,February,Feb,2025-02,25,Tuesday,2,Weekday
2025-02-26,2025,Q1,2,2,February,Feb,2025-02,26,Wednesday,3,Weekday
2025-02-27,2025,Q1,2,2,February,Feb,2025-02,27,Thursday,4,Weekday
2025-02-28,2025,Q1,2,2,February,Feb,2025-02,28,Friday,5,Weekday
2025-03-01,2025,Q1,3,3,March,Mar,2025-03,1,Saturday,6,Weekend
2025-03-02,2025,Q1,3,3,March,Mar,2025-03,2,Sunday,7,Weekend
2025-03-03,2025,Q1,3,3,March,Mar,2025-03,3,Monday,1,Weekday
2025-03-04,2025,Q1,3,3,March,Mar,2025-03,4,Tuesday,2,Weekday
2025-03-05,2025,Q1,3,3,March,Mar,2025-03,5,Wednesday,3,Weekday
2025-03-06,2025,Q1,3,3,March,Mar,2025-03,6,Thursday,4,Weekday
2025-03-07,2025,Q1,3,3,March,Mar,2025-03,7,Friday,5,Weekday
2025-03-08,2025,Q1,3,3,March,Mar,2025-03,8,Saturday,6,Weekend
2025-03-09,2025,Q1,3,3,March,Mar,2025-03,9,Sunday,7,Weekend
2025-03-10,2025,Q1,3,3,March,Mar,2025-03,10,Monday,1,Weekday
2025-03-11,2025,Q1,3,3,March,Mar,2025-03,11,Tuesday,2,Weekday
2025-03-12,2025,Q1,3,3,March,Mar,2025-03,12,Wednesday,3,Weekday
2025-03-13,2025,Q1,3,3,March,Mar,2025-03,13,Thursday,4,Weekday
2025-03-14,2025,Q1,3,3,March,Mar,2025-03,14,Friday,5,Weekday
2025-03-15,2025,Q1,3,3,March,Mar,2025-03,15,Saturday,6,Weekend
2025-03-16,2025,Q1,3,3,March,Mar,2025-03,16,Sunday,7,Weekend
2025-03-17,2025,Q1,3,3,March,Mar,2025-03,17,Monday,1,Weekday
2025-03-18,2025,Q1,3,3,March,Mar,2025-03,18,Tuesday,2,Weekday
2025-03-19,2025,Q1,3,3,March,Mar,2025-03,19,Wednesday,3,Weekday
2025-03-20,2025,Q1,3,3,March,Mar,2025-03,20,Thursday,4,Weekday
2025-03-21,2025,Q1,3,3,March,Mar,2025-03,21,Friday,5,Weekday
2025-03-22,2025,Q1,3,3,March,Mar,2025-03,22,Saturday,6,Weekend
2025-03-23,2025,Q1,3,3,March,Mar,2025-03,23,Sunday,7,Weekend
2025-03-24,2025,Q1,3,3,March,Mar,2025-03,24,Monday,1,Weekday
2025-03-25,2025,Q1,3,3,March,Mar,2025-03,25,Tuesday,2,Weekday
2025-03-26,2025,Q1,3,3,March,Mar,2025-03,26,Wednesday,3,Weekday
2025-03-27,2025,Q1,3,3,March,Mar,2025-03,27,Thursday,4,Weekday
2025-03-28,2025,Q1,3,3,March,Mar,2025-03,28,Friday,5,Weekday
2025-03-29,2025,Q1,3,3,March,Mar,2025-03,29,Saturday,6,Weekend
2025-03-30,2025,Q1,3,3,March,Mar,2025-03,30,Sunday,7,Weekend
2025-03-31,2025,Q1,3,3,March,Mar,2025-03,31,Monday,1,Weekday
2025-04-01,2025,Q2,4,4,April,Apr,2025-04,1,Tuesday,2,Weekday
2025-04-02,2025,Q2,4,4,April,Apr,2025-04,2,Wednesday,3,Weekday
2025-04-03,2025,Q2,4,4,April,Apr,2025-04,3,Thursday,4,Weekday
2025-04-04,2025,Q2,4,4,April,Apr,2025-04,4,Friday,5,Weekday
2025-04-05,2025,Q2,4,4,April,Apr,2025-04,5,Saturday,6,Weekend
2025-04-06,2025,Q2,4,4,April,Apr,2025-04,6,Sunday,7,Weekend
2025-04-07,2025,Q2,4,4,April,Apr,2025-04,7,Monday,1,Weekday
2025-04-08,2025,Q2,4,4,April,Apr,2025-04,8,Tuesday,2,Weekday
2025-04-09,2025,Q2,4,4,April,Apr,2025-04,9,Wednesday,3,Weekday
2025-04-10,2025,Q2,4,4,April,Apr,2025-04,10,Thursday,4,Weekday
2025-04-11,2025,Q2,4,4,April,Apr,2025-04,11,Friday,5,Weekday
2025-04-12,2025,Q2,4,4,April,Apr,2025-04,12,Saturday,6,Weekend
2025-04-13,2025,Q2,4,4,April,Apr,2025-04,13,Sunday,7,Weekend
2025-04-14,2025,Q2,4,4,April,Apr,2025-04,14,Monday,1,Weekday
2025-04-15,2025,Q2,4,4,April,Apr,2025-04,15,Tuesday,2,Weekday
2025-04-16,2025,Q2,4,4,April,Apr,2025-04,16,Wednesday,3,Weekday
2025-04-17,2025,Q2,4,4,April,Apr,2025-04,17,Thursday,4,Weekday
2025-04-18,2025,Q2,4,4,April,Apr,2025-04,18,Friday,5,Weekday
2025-04-19,2025,Q2,4,4,April,Apr,2025-04,19,Saturday,6,Weekend
2025-04-20,2025,Q2,4,4,April,Apr,2025-04,20,Sunday,7,Weekend
2025-04-21,2025,Q2,4,4,April,Apr,2025-04,21,Monday,1,Weekday
2025-04-22,2025,Q2,4,4,April,Apr,2025-04,22,Tuesday,2,Weekday
2025-04-23,2025,Q2,4,4,April,Apr,2025-04,23,Wednesday,3,Weekday
2025-04-24,2025,Q2,4,4,April,Apr,2025-04,24,Thursday,4,Weekday
2025-04-25,2025,Q2,4,4,April,Apr,2025-04,25,Friday,5,Weekday
2025-04-26,2025,Q2,4,4,April,Apr,2025-04,26,Saturday,6,Weekend
2025-04-27,2025,Q2,4,4,April,Apr,2025-04,27,Sunday,7,Weekend
2025-04-28,2025,Q2,4,4,April,Apr,2025-04,28,Monday,1,Weekday
2025-04-29,2025,Q2,4,4,April,Apr,2025-04,29,Tuesday,2,Weekday
2025-04-30,2025,Q2,4,4,April,Apr,2025-04,30,Wednesday,3,Weekday
2025-05-01,2025,Q2,5,5,May,May,2025-05,1,Thursday,4,Weekday
2025-05-02,2025,Q2,5,5,May,May,2025-05,2,Friday,5,Weekday
2025-05-03,2025,Q2,5,5,May,May,2025-05,3,Saturday,6,Weekend
2025-05-04,2025,Q2,5,5,May,May,2025-05,4,Sunday,7,Weekend
2025-05-05,2025,Q2,5,5,May,May,2025-05,5,Monday,1,Weekday
2025-05-06,2025,Q2,5,5,May,May,2025-05,6,Tuesday,2,Weekday
2025-05-07,2025,Q2,5,5,May,May,2025-05,7,Wednesday,3,Weekday
2025-05-08,2025,Q2,5,5,May,May,2025-05,8,Thursday,4,Weekday
2025-05-09,2025,Q2,5,5,May,May,2025-05,9,Friday,5,Weekday
2025-05-10,2025,Q2,5,5,May,May,2025-05,10,Saturday,6,Weekend
2025-05-11,2025,Q2,5,5,May,May,2025-05,11,Sunday,7,Weekend
2025-05-12,2025,Q2,5,5,May,May,2025-05,12,Monday,1,Weekday
2025-05-13,2025,Q2,5,5,May,May,2025-05,13,Tuesday,2,Weekday
2025-05-14,2025,Q2,5,5,May,May,2025-05,14,Wednesday,3,Weekday
2025-05-15,2025,Q2,5,5,May,May,2025-05,15,Thursday,4,Weekday
2025-05-16,2025,Q2,5,5,May,May,2025-05,16,Friday,5,Weekday
2025-05-17,2025,Q2,5,5,May,May,2025-05,17,Saturday,6,Weekend
2025-05-18,2025,Q2,5,5,May,May,2025-05,18,Sunday,7,Weekend
2025-05-19,2025,Q2,5,5,May,May,2025-05,19,Monday,1,Weekday
2025-05-20,2025,Q2,5,5,May,May,2025-05,20,Tuesday,2,Weekday
2025-05-21,2025,Q2,5,5,May,May,2025-05,21,Wednesday,3,Weekday
2025-05-22,2025,Q2,5,5,May,May,2025-05,22,Thursday,4,Weekday
2025-05-23,2025,Q2,5,5,May,May,2025-05,23,Friday,5,Weekday
2025-05-24,2025,Q2,5,5,May,May,2025-05,24,Saturday,6,Weekend
2025-05-25,2025,Q2,5,5,May,May,2025-05,25,Sunday,7,Weekend
2025-05-26,2025,Q2,5,5,May,May,2025-05,26,Monday,1,Weekday
2025-05-27,2025,Q2,5,5,May,May,2025-05,27,Tuesday,2,Weekday
2025-05-28,2025,Q2,5,5,May,May,2025-05,28,Wednesday,3,Weekday
2025-05-29,2025,Q2,5,5,May,May,2025-05,29,Thursday,4,Weekday
2025-05-30,2025,Q2,5,5,May,May,2025-05,30,Friday,5,Weekday
2025-05-31,2025,Q2,5,5,May,May,2025-05,31,Saturday,6,Weekend
2025-06-01,2025,Q2,6,6,June,Jun,2025-06,1,Sunday,7,Weekend
2025-06-02,2025,Q2,6,6,June,Jun,2025-06,2,Monday,1,Weekday
2025-06-03,2025,Q2,6,6,June,Jun,2025-06,3,Tuesday,2,Weekday
2025-06-04,2025,Q2,6,6,June,Jun,2025-06,4,Wednesday,3,Weekday
2025-06-05,2025,Q2,6,6,June,Jun,2025-06,5,Thursday,4,Weekday
2025-06-06,2025,Q2,6,6,June,Jun,2025-06,6,Friday,5,Weekday
2025-06-07,2025,Q2,6,6,June,Jun,2025-06,7,Saturday,6,Weekend
2025-06-08,2025,Q2,6,6,June,Jun,2025-06,8,Sunday,7,Weekend
2025-06-09,2025,Q2,6,6,June,Jun,2025-06,9,Monday,1,Weekday
2025-06-10,2025,Q2,6,6,June,Jun,2025-06,10,Tuesday,2,Weekday
2025-06-11,2025,Q2,6,6,June,Jun,2025-06,11,Wednesday,3,Weekday
2025-06-12,2025,Q2,6,6,June,Jun,2025-06,12,Thursday,4,Weekday
2025-06-13,2025,Q2,6,6,June,Jun,2025-06,13,Friday,5,Weekday
2025-06-14,2025,Q2,6,6,June,Jun,2025-06,14,Saturday,6,Weekend
2025-06-15,2025,Q2,6,6,June,Jun,2025-06,15,Sunday,7,Weekend
2025-06-16,2025,Q2,6,6,June,Jun,2025-06,16,Monday,1,Weekday
2025-06-17,2025,Q2,6,6,June,Jun,2025-06,17,Tuesday,2,Weekday
2025-06-18,2025,Q2,6,6,June,Jun,2025-06,18,Wednesday,3,Weekday
2025-06-19,2025,Q2,6,6,June,Jun,2025-06,19,Thursday,4,Weekday
2025-06-20,2025,Q2,6,6,June,Jun,2025-06,20,Friday,5,Weekday
2025-06-21,2025,Q2,6,6,June,Jun,2025-06,21,Saturday,6,Weekend
2025-06-22,2025,Q2,6,6,June,Jun,2025-06,22,Sunday,7,Weekend
2025-06-23,2025,Q2,6,6,June,Jun,2025-06,23,Monday,1,Weekday
2025-06-24,2025,Q2,6,6,June,Jun,2025-06,24,Tuesday,2,Weekday
2025-06-25,2025,Q2,6,6,June,Jun,2025-06,25,Wednesday,3,Weekday
2025-06-26,2025,Q2,6,6,June,Jun,2025-06,26,Thursday,4,Weekday
2025-06-27,2025,Q2,6,6,June,Jun,2025-06,27,Friday,5,Weekday
2025-06-28,2025,Q2,6,6,June,Jun,2025-06,28,Saturday,6,Weekend
2025-06-29,2025,Q2,6,6,June,Jun,2025-06,29,Sunday,7,Weekend
2025-06-30,2025,Q2,6,6,June,Jun,2025-06,30,Monday,1,Weekday
2025-07-01,2025,Q3,7,7,July,Jul,2025-07,1,Tuesday,2,Weekday
2025-07-02,2025,Q3,7,7,July,Jul,2025-07,2,Wednesday,3,Weekday
2025-07-03,2025,Q3,7,7,July,Jul,2025-07,3,Thursday,4,Weekday
2025-07-04,2025,Q3,7,7,July,Jul,2025-07,4,Friday,5,Weekday
2025-07-05,2025,Q3,7,7,July,Jul,2025-07,5,Saturday,6,Weekend
2025-07-06,2025,Q3,7,7,July,Jul,2025-07,6,Sunday,7,Weekend
2025-07-07,2025,Q3,7,7,July,Jul,2025-07,7,Monday,1,Weekday
2025-07-08,2025,Q3,7,7,July,Jul,2025-07,8,Tuesday,2,Weekday
2025-07-09,2025,Q3,7,7,July,Jul,2025-07,9,Wednesday,3,Weekday
2025-07-10,2025,Q3,7,7,July,Jul,2025-07,10,Thursday,4,Weekday
2025-07-11,2025,Q3,7,7,July,Jul,2025-07,11,Friday,5,Weekday
2025-07-12,2025,Q3,7,7,July,Jul,2025-07,12,Saturday,6,Weekend
2025-07-13,2025,Q3,7,7,July,Jul,2025-07,13,Sunday,7,Weekend
2025-07-14,2025,Q3,7,7,July,Jul,2025-07,14,Monday,1,Weekday
2025-07-15,2025,Q3,7,7,July,Jul,2025-07,15,Tuesday,2,Weekday
2025-07-16,2025,Q3,7,7,July,Jul,2025-07,16,Wednesday,3,Weekday
2025-07-17,2025,Q3,7,7,July,Jul,2025-07,17,Thursday,4,Weekday
2025-07-18,2025,Q3,7,7,July,Jul,2025-07,18,Friday,5,Weekday
2025-07-19,2025,Q3,7,7,July,Jul,2025-07,19,Saturday,6,Weekend
2025-07-20,2025,Q3,7,7,July,Jul,2025-07,20,Sunday,7,Weekend
2025-07-21,2025,Q3,7,7,July,Jul,2025-07,21,Monday,1,Weekday
2025-07-22,2025,Q3,7,7,July,Jul,2025-07,22,Tuesday,2,Weekday
2025-07-23,2025,Q3,7,7,July,Jul,2025-07,23,Wednesday,3,Weekday
2025-07-24,2025,Q3,7,7,July,Jul,2025-07,24,Thursday,4,Weekday
2025-07-25,2025,Q3,7,7,July,Jul,2025-07,25,Friday,5,Weekday
2025-07-26,2025,Q3,7,7,July,Jul,2025-07,26,Saturday,6,Weekend
2025-07-27,2025,Q3,7,7,July,Jul,2025-07,27,Sunday,7,Weekend
2025-07-28,2025,Q3,7,7,July,Jul,2025-07,28,Monday,1,Weekday
2025-07-29,2025,Q3,7,7,July,Jul,2025-07,29,Tuesday,2,Weekday
2025-07-30,2025,Q3,7,7,July,Jul,2025-07,30,Wednesday,3,Weekday
2025-07-31,2025,Q3,7,7,July,Jul,2025-07,31,Thursday,4,Weekday
2025-08-01,2025,Q3,8,8,August,Aug,2025-08,1,Friday,5,Weekday
2025-08-02,2025,Q3,8,8,August,Aug,2025-08,2,Saturday,6,Weekend
2025-08-03,2025,Q3,8,8,August,Aug,2025-08,3,Sunday,7,Weekend
2025-08-04,2025,Q3,8,8,August,Aug,2025-08,4,Monday,1,Weekday
2025-08-05,2025,Q3,8,8,August,Aug,2025-08,5,Tuesday,2,Weekday
2025-08-06,2025,Q3,8,8,August,Aug,2025-08,6,Wednesday,3,Weekday
2025-08-07,2025,Q3,8,8,August,Aug,2025-08,7,Thursday,4,Weekday
2025-08-08,2025,Q3,8,8,August,Aug,2025-08,8,Friday,5,Weekday
2025-08-09,2025,Q3,8,8,August,Aug,2025-08,9,Saturday,6,Weekend
2025-08-10,2025,Q3,8,8,August,Aug,2025-08,10,Sunday,7,Weekend
2025-08-11,2025,Q3,8,8,August,Aug,2025-08,11,Monday,1,Weekday
2025-08-12,2025,Q3,8,8,August,Aug,2025-08,12,Tuesday,2,Weekday
2025-08-13,2025,Q3,8,8,August,Aug,2025-08,13,Wednesday,3,Weekday
2025-08-14,2025,Q3,8,8,August,Aug,2025-08,14,Thursday,4,Weekday
2025-08-15,2025,Q3,8,8,August,Aug,2025-08,15,Friday,5,Weekday
2025-08-16,2025,Q3,8,8,August,Aug,2025-08,16,Saturday,6,Weekend
2025-08-17,2025,Q3,8,8,August,Aug,2025-08,17,Sunday,7,Weekend
2025-08-18,2025,Q3,8,8,August,Aug,2025-08,18,Monday,1,Weekday
2025-08-19,2025,Q3,8,8,August,Aug,2025-08,19,Tuesday,2,Weekday
2025-08-20,2025,Q3,8,8,August,Aug,2025-08,20,Wednesday,3,Weekday
2025-08-21,2025,Q3,8,8,August,Aug,2025-08,21,Thursday,4,Weekday
2025-08-22,2025,Q3,8,8,August,Aug,2025-08,22,Friday,5,Weekday
2025-08-23,2025,Q3,8,8,August,Aug,2025-08,23,Saturday,6,Weekend
2025-08-24,2025,Q3,8,8,August,Aug,2025-08,24,Sunday,7,Weekend
2025-08-25,2025,Q3,8,8,August,Aug,2025-08,25,Monday,1,Weekday
2025-08-26,2025,Q3,8,8,August,Aug,2025-08,26,Tuesday,2,Weekday
2025-08-27,2025,Q3,8,8,August,Aug,2025-08,27,Wednesday,3,Weekday
2025-08-28,2025,Q3,8,8,August,Aug,2025-08,28,Thursday,4,Weekday
2025-08-29,2025,Q3,8,8,August,Aug,2025-08,29,Friday,5,Weekday
2025-08-30,2025,Q3,8,8,August,Aug,2025-08,30,Saturday,6,Weekend
2025-08-31,2025,Q3,8,8,August,Aug,2025-08,31,Sunday,7,Weekend
2025-09-01,2025,Q3,9,9,September,Sep,2025-09,1,Monday,1,Weekday
2025-09-02,2025,Q3,9,9,September,Sep,2025-09,2,Tuesday,2,Weekday
2025-09-03,2025,Q3,9,9,September,Sep,2025-09,3,Wednesday,3,Weekday
2025-09-04,2025,Q3,9,9,September,Sep,2025-09,4,Thursday,4,Weekday
2025-09-05,2025,Q3,9,9,September,Sep,2025-09,5,Friday,5,Weekday
2025-09-06,2025,Q3,9,9,September,Sep,2025-09,6,Saturday,6,Weekend
2025-09-07,2025,Q3,9,9,September,Sep,2025-09,7,Sunday,7,Weekend
2025-09-08,2025,Q3,9,9,September,Sep,2025-09,8,Monday,1,Weekday
2025-09-09,2025,Q3,9,9,September,Sep,2025-09,9,Tuesday,2,Weekday
2025-09-10,2025,Q3,9,9,September,Sep,2025-09,10,Wednesday,3,Weekday
2025-09-11,2025,Q3,9,9,September,Sep,2025-09,11,Thursday,4,Weekday
2025-09-12,2025,Q3,9,9,September,Sep,2025-09,12,Friday,5,Weekday
2025-09-13,2025,Q3,9,9,September,Sep,2025-09,13,Saturday,6,Weekend
2025-09-14,2025,Q3,9,9,September,Sep,2025-09,14,Sunday,7,Weekend
2025-09-15,2025,Q3,9,9,September,Sep,2025-09,15,Monday,1,Weekday
2025-09-16,2025,Q3,9,9,September,Sep,2025-09,16,Tuesday,2,Weekday
2025-09-17,2025,Q3,9,9,September,Sep,2025-09,17,Wednesday,3,Weekday
2025-09-18,2025,Q3,9,9,September,Sep,2025-09,18,Thursday,4,Weekday
2025-09-19,2025,Q3,9,9,September,Sep,2025-09,19,Friday,5,Weekday
2025-09-20,2025,Q3,9,9,September,Sep,2025-09,20,Saturday,6,Weekend
2025-09-21,2025,Q3,9,9,September,Sep,2025-09,21,Sunday,7,Weekend
2025-09-22,2025,Q3,9,9,September,Sep,2025-09,22,Monday,1,Weekday
2025-09-23,2025,Q3,9,9,September,Sep,2025-09,23,Tuesday,2,Weekday
2025-09-24,2025,Q3,9,9,September,Sep,2025-09,24,Wednesday,3,Weekday
2025-09-25,2025,Q3,9,9,September,Sep,2025-09,25,Thursday,4,Weekday
2025-09-26,2025,Q3,9,9,September,Sep,2025-09,26,Friday,5,Weekday
2025-09-27,2025,Q3,9,9,September,Sep,2025-09,27,Saturday,6,Weekend
2025-09-28,2025,Q3,9,9,September,Sep,2025-09,28,Sunday,7,Weekend
2025-09-29,2025,Q3,9,9,September,Sep,2025-09,29,Monday,1,Weekday
2025-09-30,2025,Q3,9,9,September,Sep,2025-09,30,Tuesday,2,Weekday
2025-10-01,2025,Q4,10,10,October,Oct,2025-10,1,Wednesday,3,Weekday
2025-10-02,2025,Q4,10,10,October,Oct,2025-10,2,Thursday,4,Weekday
2025-10-03,2025,Q4,10,10,October,Oct,2025-10,3,Friday,5,Weekday
2025-10-04,2025,Q4,10,10,October,Oct,2025-10,4,Saturday,6,Weekend
2025-10-05,2025,Q4,10,10,October,Oct,2025-10,5,Sunday,7,Weekend
2025-10-06,2025,Q4,10,10,October,Oct,2025-10,6,Monday,1,Weekday
2025-10-07,2025,Q4,10,10,October,Oct,2025-10,7,Tuesday,2,Weekday
2025-10-08,2025,Q4,10,10,October,Oct,2025-10,8,Wednesday,3,Weekday
2025-10-09,2025,Q4,10,10,October,Oct,2025-10,9,Thursday,4,Weekday
2025-10-10,2025,Q4,10,10,October,Oct,2025-10,10,Friday,5,Weekday
2025-10-11,2025,Q4,10,10,October,Oct,2025-10,11,Saturday,6,Weekend
2025-10-12,2025,Q4,10,10,October,Oct,2025-10,12,Sunday,7,Weekend
2025-10-13,2025,Q4,10,10,October,Oct,2025-10,13,Monday,1,Weekday
2025-10-14,2025,Q4,10,10,October,Oct,2025-10,14,Tuesday,2,Weekday
2025-10-15,2025,Q4,10,10,October,Oct,2025-10,15,Wednesday,3,Weekday
2025-10-16,2025,Q4,10,10,October,Oct,2025-10,16,Thursday,4,Weekday
2025-10-17,2025,Q4,10,10,October,Oct,2025-10,17,Friday,5,Weekday
2025-10-18,2025,Q4,10,10,October,Oct,2025-10,18,Saturday,6,Weekend
2025-10-19,2025,Q4,10,10,October,Oct,2025-10,19,Sunday,7,Weekend
2025-10-20,2025,Q4,10,10,October,Oct,2025-10,20,Monday,1,Weekday
2025-10-21,2025,Q4,10,10,October,Oct,2025-10,21,Tuesday,2,Weekday
2025-10-22,2025,Q4,10,10,October,Oct,2025-10,22,Wednesday,3,Weekday
2025-10-23,2025,Q4,10,10,October,Oct,2025-10,23,Thursday,4,Weekday
2025-10-24,2025,Q4,10,10,October,Oct,2025-10,24,Friday,5,Weekday
2025-10-25,2025,Q4,10,10,October,Oct,2025-10,25,Saturday,6,Weekend
2025-10-26,2025,Q4,10,10,October,Oct,2025-10,26,Sunday,7,Weekend
2025-10-27,2025,Q4,10,10,October,Oct,2025-10,27,Monday,1,Weekday
2025-10-28,2025,Q4,10,10,October,Oct,2025-10,28,Tuesday,2,Weekday
2025-10-29,2025,Q4,10,10,October,Oct,2025-10,29,Wednesday,3,Weekday
2025-10-30,2025,Q4,10,10,October,Oct,2025-10,30,Thursday,4,Weekday
2025-10-31,2025,Q4,10,10,October,Oct,2025-10,31,Friday,5,Weekday
2025-11-01,2025,Q4,11,11,November,Nov,2025-11,1,Saturday,6,Weekend
2025-11-02,2025,Q4,11,11,November,Nov,2025-11,2,Sunday,7,Weekend
2025-11-03,2025,Q4,11,11,November,Nov,2025-11,3,Monday,1,Weekday
2025-11-04,2025,Q4,11,11,November,Nov,2025-11,4,Tuesday,2,Weekday
2025-11-05,2025,Q4,11,11,November,Nov,2025-11,5,Wednesday,3,Weekday
2025-11-06,2025,Q4,11,11,November,Nov,2025-11,6,Thursday,4,Weekday
2025-11-07,2025,Q4,11,11,November,Nov,2025-11,7,Friday,5,Weekday
2025-11-08,2025,Q4,11,11,November,Nov,2025-11,8,Saturday,6,Weekend
2025-11-09,2025,Q4,11,11,November,Nov,2025-11,9,Sunday,7,Weekend
2025-11-10,2025,Q4,11,11,November,Nov,2025-11,10,Monday,1,Weekday
2025-11-11,2025,Q4,11,11,November,Nov,2025-11,11,Tuesday,2,Weekday
2025-11-12,2025,Q4,11,11,November,Nov,2025-11,12,Wednesday,3,Weekday
2025-11-13,2025,Q4,11,11,November,Nov,2025-11,13,Thursday,4,Weekday
2025-11-14,2025,Q4,11,11,November,Nov,2025-11,14,Friday,5,Weekday
2025-11-15,2025,Q4,11,11,November,Nov,2025-11,15,Saturday,6,Weekend
2025-11-16,2025,Q4,11,11,November,Nov,2025-11,16,Sunday,7,Weekend
2025-11-17,2025,Q4,11,11,November,Nov,2025-11,17,Monday,1,Weekday
2025-11-18,2025,Q4,11,11,November,Nov,2025-11,18,Tuesday,2,Weekday
2025-11-19,2025,Q4,11,11,November,Nov,2025-11,19,Wednesday,3,Weekday
2025-11-20,2025,Q4,11,11,November,Nov,2025-11,20,Thursday,4,Weekday
2025-11-21,2025,Q4,11,11,November,Nov,2025-11,21,Friday,5,Weekday
2025-11-22,2025,Q4,11,11,November,Nov,2025-11,22,Saturday,6,Weekend
2025-11-23,2025,Q4,11,11,November,Nov,2025-11,23,Sunday,7,Weekend
2025-11-24,2025,Q4,11,11,November,Nov,2025-11,24,Monday,1,Weekday
2025-11-25,2025,Q4,11,11,November,Nov,2025-11,25,Tuesday,2,Weekday
2025-11-26,2025,Q4,11,11,November,Nov,2025-11,26,Wednesday,3,Weekday
2025-11-27,2025,Q4,11,11,November,Nov,2025-11,27,Thursday,4,Weekday
2025-11-28,2025,Q4,11,11,November,Nov,2025-11,28,Friday,5,Weekday
2025-11-29,2025,Q4,11,11,November,Nov,2025-11,29,Saturday,6,Weekend
2025-11-30,2025,Q4,11,11,November,Nov,2025-11,30,Sunday,7,Weekend
2025-12-01,2025,Q4,12,12,December,Dec,2025-12,1,Monday,1,Weekday
2025-12-02,2025,Q4,12,12,December,Dec,2025-12,2,Tuesday,2,Weekday
2025-12-03,2025,Q4,12,12,December,Dec,2025-12,3,Wednesday,3,Weekday
2025-12-04,2025,Q4,12,12,December,Dec,2025-12,4,Thursday,4,Weekday
2025-12-05,2025,Q4,12,12,December,Dec,2025-12,5,Friday,5,Weekday
2025-12-06,2025,Q4,12,12,December,Dec,2025-12,6,Saturday,6,Weekend
2025-12-07,2025,Q4,12,12,December,Dec,2025-12,7,Sunday,7,Weekend
2025-12-08,2025,Q4,12,12,December,Dec,2025-12,8,Monday,1,Weekday
2025-12-09,2025,Q4,12,12,December,Dec,2025-12,9,Tuesday,2,Weekday
2025-12-10,2025,Q4,12,12,December,Dec,2025-12,10,Wednesday,3,Weekday
2025-12-11,2025,Q4,12,12,December,Dec,2025-12,11,Thursday,4,Weekday
2025-12-12,2025,Q4,12,12,December,Dec,2025-12,12,Friday,5,Weekday
2025-12-13,2025,Q4,12,12,December,Dec,2025-12,13,Saturday,6,Weekend
2025-12-14,2025,Q4,12,12,December,Dec,2025-12,14,Sunday,7,Weekend
2025-12-15,2025,Q4,12,12,December,Dec,2025-12,15,Monday,1,Weekday
2025-12-16,2025,Q4,12,12,December,Dec,2025-12,16,Tuesday,2,Weekday
2025-12-17,2025,Q4,12,12,December,Dec,2025-12,17,Wednesday,3,Weekday
2025-12-18,2025,Q4,12,12,December,Dec,2025-12,18,Thursday,4,Weekday
2025-12-19,2025,Q4,12,12,December,Dec,2025-12,19,Friday,5,Weekday
2025-12-20,2025,Q4,12,12,December,Dec,2025-12,20,Saturday,6,Weekend
2025-12-21,2025,Q4,12,12,December,Dec,2025-12,21,Sunday,7,Weekend
2025-12-22,2025,Q4,12,12,December,Dec,2025-12,22,Monday,1,Weekday
2025-12-23,2025,Q4,12,12,December,Dec,2025-12,23,Tuesday,2,Weekday
2025-12-24,2025,Q4,12,12,December,Dec,2025-12,24,Wednesday,3,Weekday
2025-12-25,2025,Q4,12,12,December,Dec,2025-12,25,Thursday,4,Weekday
2025-12-26,2025,Q4,12,12,December,Dec,2025-12,26,Friday,5,Weekday
2025-12-27,2025,Q4,12,12,December,Dec,2025-12,27,Saturday,6,Weekend
2025-12-28,2025,Q4,12,12,December,Dec,2025-12,28,Sunday,7,Weekend
2025-12-29,2025,Q4,12,12,December,Dec,2025-12,29,Monday,1,Weekday
2025-12-30,2025,Q4,12,12,December,Dec,2025-12,30,Tuesday,2,Weekday
2025-12-31,2025,Q4,12,12,December,Dec,2025-12,31,Wednesday,3,Weekday
